[
    {
        "percentile": 1,
        "age": 20,
        "packyears_xc": 0.0,
        "METs": 0,
        "DrinksLastWeek": 0,
        "FruitVeg": 0.4,
        "Potato": 0,
        "Juice": 0,
        "BMI": 17.35,
        "timeincanada": 9.68,
        "SmokeCurrent_xc": 0.014,
        "SmokeFormer0to5_xc": 0.007,
        "SmokeFormer5Plus": 0.0,
        "percentinCanada": 3.23
    },
    {
        "percentile": 2,
        "age": 21,
        "packyears_xc": 0.0,
        "METs": 0,
        "DrinksLastWeek": 0,
        "FruitVeg": 0.6,
        "Potato": 0,
        "Juice": 0,
        "BMI": 18.0,
        "timeincanada": 16.67,
        "SmokeCurrent_xc": 0.25,
        "SmokeFormer0to5_xc": 0.007,
        "SmokeFormer5Plus": 0.0,
        "percentinCanada": 5.13
    },
    {
        "percentile": 3,
        "age": 22,
        "packyears_xc": 0.0,
        "METs": 0,
        "DrinksLastWeek": 0,
        "FruitVeg": 0.8,
        "Potato": 0,
        "Juice": 0,
        "BMI": 18.42,
        "timeincanada": 22.86,
        "SmokeCurrent_xc": 0.4,
        "SmokeFormer0to5_xc": 0.007,
        "SmokeFormer5Plus": 0.007,
        "percentinCanada": 6.9
    },
    {
        "percentile": 4,
        "age": 23,
        "packyears_xc": 0.0,
        "METs": 0,
        "DrinksLastWeek": 0,
        "FruitVeg": 0.9,
        "Potato": 0,
        "Juice": 0,
        "BMI": 18.72,
        "timeincanada": 28.99,
        "SmokeCurrent_xc": 0.6,
        "SmokeFormer0to5_xc": 0.007,
        "SmokeFormer5Plus": 0.007,
        "percentinCanada": 8.33
    },
    {
        "percentile": 5,
        "age": 23,
        "packyears_xc": 0.0,
        "METs": 0,
        "DrinksLastWeek": 0,
        "FruitVeg": 1.1,
        "Potato": 0,
        "Juice": 0,
        "BMI": 19.03,
        "timeincanada": 35.14,
        "SmokeCurrent_xc": 0.8,
        "SmokeFormer0to5_xc": 0.014,
        "SmokeFormer5Plus": 0.007,
        "percentinCanada": 9.76
    },
    {
        "percentile": 6,
        "age": 24,
        "packyears_xc": 0.0,
        "METs": 0,
        "DrinksLastWeek": 0,
        "FruitVeg": 1.2,
        "Potato": 0,
        "Juice": 0,
        "BMI": 19.3,
        "timeincanada": 41.18,
        "SmokeCurrent_xc": 1.0,
        "SmokeFormer0to5_xc": 0.014,
        "SmokeFormer5Plus": 0.007,
        "percentinCanada": 11.11
    },
    {
        "percentile": 7,
        "age": 25,
        "packyears_xc": 0.0,
        "METs": 0,
        "DrinksLastWeek": 0,
        "FruitVeg": 1.2,
        "Potato": 0,
        "Juice": 0,
        "BMI": 19.5,
        "timeincanada": 46.88,
        "SmokeCurrent_xc": 1.2,
        "SmokeFormer0to5_xc": 0.014,
        "SmokeFormer5Plus": 0.007,
        "percentinCanada": 12.5
    },
    {
        "percentile": 8,
        "age": 26,
        "packyears_xc": 0.0,
        "METs": 0,
        "DrinksLastWeek": 0,
        "FruitVeg": 1.3,
        "Potato": 0,
        "Juice": 0,
        "BMI": 19.69,
        "timeincanada": 51.79,
        "SmokeCurrent_xc": 1.35,
        "SmokeFormer0to5_xc": 0.014,
        "SmokeFormer5Plus": 0.007,
        "percentinCanada": 14.0
    },
    {
        "percentile": 9,
        "age": 26,
        "packyears_xc": 0.0,
        "METs": 0,
        "DrinksLastWeek": 0,
        "FruitVeg": 1.4,
        "Potato": 0,
        "Juice": 0,
        "BMI": 19.86,
        "timeincanada": 55.56,
        "SmokeCurrent_xc": 1.5,
        "SmokeFormer0to5_xc": 0.014,
        "SmokeFormer5Plus": 0.007,
        "percentinCanada": 15.56
    },
    {
        "percentile": 10,
        "age": 27,
        "packyears_xc": 0.0,
        "METs": 0,
        "DrinksLastWeek": 0,
        "FruitVeg": 1.5,
        "Potato": 0,
        "Juice": 0,
        "BMI": 20.03,
        "timeincanada": 58.93,
        "SmokeCurrent_xc": 1.75,
        "SmokeFormer0to5_xc": 0.014,
        "SmokeFormer5Plus": 0.007,
        "percentinCanada": 16.67
    },
    {
        "percentile": 11,
        "age": 28,
        "packyears_xc": 0.0,
        "METs": 0.1,
        "DrinksLastWeek": 0,
        "FruitVeg": 1.5,
        "Potato": 0.1,
        "Juice": 0,
        "BMI": 20.19,
        "timeincanada": 61.67,
        "SmokeCurrent_xc": 2.0,
        "SmokeFormer0to5_xc": 0.125,
        "SmokeFormer5Plus": 0.007,
        "percentinCanada": 18.18
    },
    {
        "percentile": 12,
        "age": 28,
        "packyears_xc": 0.0,
        "METs": 0.1,
        "DrinksLastWeek": 0,
        "FruitVeg": 1.6,
        "Potato": 0.1,
        "Juice": 0,
        "BMI": 20.34,
        "timeincanada": 64.0,
        "SmokeCurrent_xc": 2.167,
        "SmokeFormer0to5_xc": 0.3,
        "SmokeFormer5Plus": 0.007,
        "percentinCanada": 19.44
    },
    {
        "percentile": 13,
        "age": 29,
        "packyears_xc": 0.0,
        "METs": 0.1,
        "DrinksLastWeek": 0,
        "FruitVeg": 1.7,
        "Potato": 0.1,
        "Juice": 0,
        "BMI": 20.42,
        "timeincanada": 66.27,
        "SmokeCurrent_xc": 2.45,
        "SmokeFormer0to5_xc": 0.55,
        "SmokeFormer5Plus": 0.007,
        "percentinCanada": 20.59
    },
    {
        "percentile": 14,
        "age": 30,
        "packyears_xc": 0.0,
        "METs": 0.2,
        "DrinksLastWeek": 0,
        "FruitVeg": 1.7,
        "Potato": 0.1,
        "Juice": 0,
        "BMI": 20.63,
        "timeincanada": 68.85,
        "SmokeCurrent_xc": 2.7,
        "SmokeFormer0to5_xc": 0.75,
        "SmokeFormer5Plus": 0.007,
        "percentinCanada": 22.22
    },
    {
        "percentile": 15,
        "age": 30,
        "packyears_xc": 0.0,
        "METs": 0.2,
        "DrinksLastWeek": 0,
        "FruitVeg": 1.8,
        "Potato": 0.1,
        "Juice": 0,
        "BMI": 20.8,
        "timeincanada": 71.79,
        "SmokeCurrent_xc": 3.0,
        "SmokeFormer0to5_xc": 1.0,
        "SmokeFormer5Plus": 0.007,
        "percentinCanada": 23.33
    },
    {
        "percentile": 16,
        "age": 31,
        "packyears_xc": 0.0,
        "METs": 0.2,
        "DrinksLastWeek": 0,
        "FruitVeg": 1.9,
        "Potato": 0.1,
        "Juice": 0,
        "BMI": 20.86,
        "timeincanada": 75.76,
        "SmokeCurrent_xc": 3.25,
        "SmokeFormer0to5_xc": 1.2,
        "SmokeFormer5Plus": 0.007,
        "percentinCanada": 24.56
    },
    {
        "percentile": 17,
        "age": 31,
        "packyears_xc": 0.0,
        "METs": 0.2,
        "DrinksLastWeek": 0,
        "FruitVeg": 1.9,
        "Potato": 0.1,
        "Juice": 0.1,
        "BMI": 21.0,
        "timeincanada": 81.82,
        "SmokeCurrent_xc": 3.6,
        "SmokeFormer0to5_xc": 1.4,
        "SmokeFormer5Plus": 0.007,
        "percentinCanada": 25.93
    },
    {
        "percentile": 18,
        "age": 32,
        "packyears_xc": 0.0,
        "METs": 0.3,
        "DrinksLastWeek": 0,
        "FruitVeg": 2,
        "Potato": 0.1,
        "Juice": 0.1,
        "BMI": 21.1,
        "timeincanada": 88.04,
        "SmokeCurrent_xc": 3.8,
        "SmokeFormer0to5_xc": 1.575,
        "SmokeFormer5Plus": 0.007,
        "percentinCanada": 27.27
    },
    {
        "percentile": 19,
        "age": 32,
        "packyears_xc": 0.0,
        "METs": 0.3,
        "DrinksLastWeek": 0,
        "FruitVeg": 2.1,
        "Potato": 0.1,
        "Juice": 0.1,
        "BMI": 21.28,
        "timeincanada": 93.33,
        "SmokeCurrent_xc": 4.033,
        "SmokeFormer0to5_xc": 1.8,
        "SmokeFormer5Plus": 0.007,
        "percentinCanada": 28.57
    },
    {
        "percentile": 20,
        "age": 33,
        "packyears_xc": 0.0,
        "METs": 0.3,
        "DrinksLastWeek": 0,
        "FruitVeg": 2.1,
        "Potato": 0.1,
        "Juice": 0.1,
        "BMI": 21.38,
        "timeincanada": 98.08,
        "SmokeCurrent_xc": 4.4,
        "SmokeFormer0to5_xc": 2.0,
        "SmokeFormer5Plus": 0.007,
        "percentinCanada": 29.73
    },
    {
        "percentile": 21,
        "age": 34,
        "packyears_xc": 0.0,
        "METs": 0.4,
        "DrinksLastWeek": 0,
        "FruitVeg": 2.1,
        "Potato": 0.1,
        "Juice": 0.1,
        "BMI": 21.46,
        "timeincanada": 100.0,
        "SmokeCurrent_xc": 4.6,
        "SmokeFormer0to5_xc": 2.125,
        "SmokeFormer5Plus": 0.007,
        "percentinCanada": 30.95
    },
    {
        "percentile": 22,
        "age": 34,
        "packyears_xc": 0.0,
        "METs": 0.4,
        "DrinksLastWeek": 0,
        "FruitVeg": 2.2,
        "Potato": 0.1,
        "Juice": 0.1,
        "BMI": 21.6,
        "timeincanada": 100.0,
        "SmokeCurrent_xc": 4.9,
        "SmokeFormer0to5_xc": 2.4,
        "SmokeFormer5Plus": 0.007,
        "percentinCanada": 32.2
    },
    {
        "percentile": 23,
        "age": 35,
        "packyears_xc": 0.0,
        "METs": 0.4,
        "DrinksLastWeek": 0,
        "FruitVeg": 2.2,
        "Potato": 0.1,
        "Juice": 0.1,
        "BMI": 21.75,
        "timeincanada": 100.0,
        "SmokeCurrent_xc": 5.2,
        "SmokeFormer0to5_xc": 2.7,
        "SmokeFormer5Plus": 0.007,
        "percentinCanada": 33.33
    },
    {
        "percentile": 24,
        "age": 35,
        "packyears_xc": 0.0,
        "METs": 0.5,
        "DrinksLastWeek": 0,
        "FruitVeg": 2.3,
        "Potato": 0.1,
        "Juice": 0.1,
        "BMI": 21.79,
        "timeincanada": 100.0,
        "SmokeCurrent_xc": 5.4,
        "SmokeFormer0to5_xc": 2.925,
        "SmokeFormer5Plus": 0.007,
        "percentinCanada": 34.62
    },
    {
        "percentile": 25,
        "age": 36,
        "packyears_xc": 0.0,
        "METs": 0.5,
        "DrinksLastWeek": 0,
        "FruitVeg": 2.4,
        "Potato": 0.1,
        "Juice": 0.1,
        "BMI": 21.95,
        "timeincanada": 100.0,
        "SmokeCurrent_xc": 5.85,
        "SmokeFormer0to5_xc": 3.2,
        "SmokeFormer5Plus": 0.007,
        "percentinCanada": 36.07
    },
    {
        "percentile": 26,
        "age": 36,
        "packyears_xc": 0.0,
        "METs": 0.5,
        "DrinksLastWeek": 0,
        "FruitVeg": 2.4,
        "Potato": 0.1,
        "Juice": 0.1,
        "BMI": 22.06,
        "timeincanada": 100.0,
        "SmokeCurrent_xc": 6.0,
        "SmokeFormer0to5_xc": 3.375,
        "SmokeFormer5Plus": 0.007,
        "percentinCanada": 37.5
    },
    {
        "percentile": 27,
        "age": 37,
        "packyears_xc": 0.0,
        "METs": 0.6,
        "DrinksLastWeek": 0,
        "FruitVeg": 2.4,
        "Potato": 0.1,
        "Juice": 0.1,
        "BMI": 22.13,
        "timeincanada": 100.0,
        "SmokeCurrent_xc": 6.3,
        "SmokeFormer0to5_xc": 3.55,
        "SmokeFormer5Plus": 0.007,
        "percentinCanada": 38.46
    },
    {
        "percentile": 28,
        "age": 37,
        "packyears_xc": 0.0,
        "METs": 0.6,
        "DrinksLastWeek": 0,
        "FruitVeg": 2.5,
        "Potato": 0.1,
        "Juice": 0.1,
        "BMI": 22.29,
        "timeincanada": 100.0,
        "SmokeCurrent_xc": 6.6,
        "SmokeFormer0to5_xc": 3.75,
        "SmokeFormer5Plus": 0.007,
        "percentinCanada": 39.71
    },
    {
        "percentile": 29,
        "age": 38,
        "packyears_xc": 0.0,
        "METs": 0.6,
        "DrinksLastWeek": 0,
        "FruitVeg": 2.5,
        "Potato": 0.1,
        "Juice": 0.1,
        "BMI": 22.4,
        "timeincanada": 100.0,
        "SmokeCurrent_xc": 7.0,
        "SmokeFormer0to5_xc": 4.0,
        "SmokeFormer5Plus": 0.007,
        "percentinCanada": 40.98
    },
    {
        "percentile": 30,
        "age": 38,
        "packyears_xc": 0.0,
        "METs": 0.6,
        "DrinksLastWeek": 0,
        "FruitVeg": 2.5,
        "Potato": 0.1,
        "Juice": 0.3,
        "BMI": 22.5,
        "timeincanada": 100.0,
        "SmokeCurrent_xc": 7.2,
        "SmokeFormer0to5_xc": 4.275,
        "SmokeFormer5Plus": 0.007,
        "percentinCanada": 42.0
    },
    {
        "percentile": 31,
        "age": 39,
        "packyears_xc": 0.0,
        "METs": 0.7,
        "DrinksLastWeek": 0,
        "FruitVeg": 2.6,
        "Potato": 0.1,
        "Juice": 0.3,
        "BMI": 22.6,
        "timeincanada": 100.0,
        "SmokeCurrent_xc": 7.5,
        "SmokeFormer0to5_xc": 4.5,
        "SmokeFormer5Plus": 0.007,
        "percentinCanada": 43.33
    },
    {
        "percentile": 32,
        "age": 39,
        "packyears_xc": 0.0,
        "METs": 0.7,
        "DrinksLastWeek": 0,
        "FruitVeg": 2.7,
        "Potato": 0.1,
        "Juice": 0.3,
        "BMI": 22.7,
        "timeincanada": 100.0,
        "SmokeCurrent_xc": 7.8,
        "SmokeFormer0to5_xc": 4.875,
        "SmokeFormer5Plus": 0.007,
        "percentinCanada": 44.78
    },
    {
        "percentile": 33,
        "age": 40,
        "packyears_xc": 0.0,
        "METs": 0.8,
        "DrinksLastWeek": 0,
        "FruitVeg": 2.7,
        "Potato": 0.1,
        "Juice": 0.3,
        "BMI": 22.85,
        "timeincanada": 100.0,
        "SmokeCurrent_xc": 8.0,
        "SmokeFormer0to5_xc": 5.1,
        "SmokeFormer5Plus": 0.007,
        "percentinCanada": 45.95
    },
    {
        "percentile": 34,
        "age": 40,
        "packyears_xc": 0.0,
        "METs": 0.8,
        "DrinksLastWeek": 0,
        "FruitVeg": 2.7,
        "Potato": 0.1,
        "Juice": 0.3,
        "BMI": 22.95,
        "timeincanada": 100.0,
        "SmokeCurrent_xc": 8.4,
        "SmokeFormer0to5_xc": 5.4,
        "SmokeFormer5Plus": 0.007,
        "percentinCanada": 46.81
    },
    {
        "percentile": 35,
        "age": 41,
        "packyears_xc": 0.0,
        "METs": 0.8,
        "DrinksLastWeek": 0,
        "FruitVeg": 2.8,
        "Potato": 0.1,
        "Juice": 0.3,
        "BMI": 23.04,
        "timeincanada": 100.0,
        "SmokeCurrent_xc": 8.75,
        "SmokeFormer0to5_xc": 5.625,
        "SmokeFormer5Plus": 0.007,
        "percentinCanada": 47.83
    },
    {
        "percentile": 36,
        "age": 41,
        "packyears_xc": 0.0,
        "METs": 0.9,
        "DrinksLastWeek": 0,
        "FruitVeg": 2.8,
        "Potato": 0.1,
        "Juice": 0.3,
        "BMI": 23.12,
        "timeincanada": 100.0,
        "SmokeCurrent_xc": 9.0,
        "SmokeFormer0to5_xc": 6.0,
        "SmokeFormer5Plus": 0.007,
        "percentinCanada": 48.84
    },
    {
        "percentile": 37,
        "age": 42,
        "packyears_xc": 0.0,
        "METs": 0.9,
        "DrinksLastWeek": 0,
        "FruitVeg": 2.9,
        "Potato": 0.3,
        "Juice": 0.4,
        "BMI": 23.25,
        "timeincanada": 100.0,
        "SmokeCurrent_xc": 9.5,
        "SmokeFormer0to5_xc": 6.3,
        "SmokeFormer5Plus": 0.007,
        "percentinCanada": 50.0
    },
    {
        "percentile": 38,
        "age": 42,
        "packyears_xc": 0.0,
        "METs": 0.9,
        "DrinksLastWeek": 0,
        "FruitVeg": 3,
        "Potato": 0.3,
        "Juice": 0.4,
        "BMI": 23.34,
        "timeincanada": 100.0,
        "SmokeCurrent_xc": 9.75,
        "SmokeFormer0to5_xc": 6.6,
        "SmokeFormer5Plus": 0.007,
        "percentinCanada": 50.94
    },
    {
        "percentile": 39,
        "age": 43,
        "packyears_xc": 0.0,
        "METs": 1,
        "DrinksLastWeek": 0,
        "FruitVeg": 3,
        "Potato": 0.3,
        "Juice": 0.4,
        "BMI": 23.47,
        "timeincanada": 100.0,
        "SmokeCurrent_xc": 10.0,
        "SmokeFormer0to5_xc": 6.9,
        "SmokeFormer5Plus": 0.007,
        "percentinCanada": 51.85
    },
    {
        "percentile": 40,
        "age": 43,
        "packyears_xc": 0.007,
        "METs": 1,
        "DrinksLastWeek": 0,
        "FruitVeg": 3.1,
        "Potato": 0.3,
        "Juice": 0.4,
        "BMI": 23.58,
        "timeincanada": 100.0,
        "SmokeCurrent_xc": 10.5,
        "SmokeFormer0to5_xc": 7.225,
        "SmokeFormer5Plus": 0.007,
        "percentinCanada": 52.81
    },
    {
        "percentile": 41,
        "age": 44,
        "packyears_xc": 0.007,
        "METs": 1.1,
        "DrinksLastWeek": 0,
        "FruitVeg": 3.1,
        "Potato": 0.3,
        "Juice": 0.4,
        "BMI": 23.73,
        "timeincanada": 100.0,
        "SmokeCurrent_xc": 10.8,
        "SmokeFormer0to5_xc": 7.5,
        "SmokeFormer5Plus": 0.007,
        "percentinCanada": 53.57
    },
    {
        "percentile": 42,
        "age": 44,
        "packyears_xc": 0.007,
        "METs": 1.1,
        "DrinksLastWeek": 0,
        "FruitVeg": 3.1,
        "Potato": 0.3,
        "Juice": 0.4,
        "BMI": 23.83,
        "timeincanada": 100.0,
        "SmokeCurrent_xc": 11.2,
        "SmokeFormer0to5_xc": 8.0,
        "SmokeFormer5Plus": 0.014,
        "percentinCanada": 54.35
    },
    {
        "percentile": 43,
        "age": 45,
        "packyears_xc": 0.007,
        "METs": 1.1,
        "DrinksLastWeek": 0,
        "FruitVeg": 3.2,
        "Potato": 0.3,
        "Juice": 0.4,
        "BMI": 23.94,
        "timeincanada": 100.0,
        "SmokeCurrent_xc": 11.5,
        "SmokeFormer0to5_xc": 8.25,
        "SmokeFormer5Plus": 0.014,
        "percentinCanada": 55.0
    },
    {
        "percentile": 44,
        "age": 46,
        "packyears_xc": 0.007,
        "METs": 1.1,
        "DrinksLastWeek": 0,
        "FruitVeg": 3.3,
        "Potato": 0.3,
        "Juice": 0.4,
        "BMI": 24.03,
        "timeincanada": 100.0,
        "SmokeCurrent_xc": 12.0,
        "SmokeFormer0to5_xc": 8.75,
        "SmokeFormer5Plus": 0.014,
        "percentinCanada": 55.81
    },
    {
        "percentile": 45,
        "age": 46,
        "packyears_xc": 0.007,
        "METs": 1.2,
        "DrinksLastWeek": 0,
        "FruitVeg": 3.3,
        "Potato": 0.3,
        "Juice": 0.4,
        "BMI": 24.14,
        "timeincanada": 100.0,
        "SmokeCurrent_xc": 12.4,
        "SmokeFormer0to5_xc": 9.25,
        "SmokeFormer5Plus": 0.014,
        "percentinCanada": 56.45
    },
    {
        "percentile": 46,
        "age": 47,
        "packyears_xc": 0.007,
        "METs": 1.2,
        "DrinksLastWeek": 0,
        "FruitVeg": 3.4,
        "Potato": 0.3,
        "Juice": 0.6,
        "BMI": 24.26,
        "timeincanada": 100.0,
        "SmokeCurrent_xc": 12.6,
        "SmokeFormer0to5_xc": 9.5,
        "SmokeFormer5Plus": 0.014,
        "percentinCanada": 57.14
    },
    {
        "percentile": 47,
        "age": 47,
        "packyears_xc": 0.007,
        "METs": 1.2,
        "DrinksLastWeek": 0,
        "FruitVeg": 3.4,
        "Potato": 0.3,
        "Juice": 0.6,
        "BMI": 24.41,
        "timeincanada": 100.0,
        "SmokeCurrent_xc": 13.0,
        "SmokeFormer0to5_xc": 9.8,
        "SmokeFormer5Plus": 0.014,
        "percentinCanada": 57.81
    },
    {
        "percentile": 48,
        "age": 48,
        "packyears_xc": 0.007,
        "METs": 1.3,
        "DrinksLastWeek": 0,
        "FruitVeg": 3.4,
        "Potato": 0.3,
        "Juice": 0.7,
        "BMI": 24.54,
        "timeincanada": 100.0,
        "SmokeCurrent_xc": 13.5,
        "SmokeFormer0to5_xc": 10.2,
        "SmokeFormer5Plus": 0.014,
        "percentinCanada": 58.49
    },
    {
        "percentile": 49,
        "age": 49,
        "packyears_xc": 0.007,
        "METs": 1.3,
        "DrinksLastWeek": 0,
        "FruitVeg": 3.5,
        "Potato": 0.3,
        "Juice": 1,
        "BMI": 24.61,
        "timeincanada": 100.0,
        "SmokeCurrent_xc": 13.8,
        "SmokeFormer0to5_xc": 10.625,
        "SmokeFormer5Plus": 0.014,
        "percentinCanada": 59.15
    },
    {
        "percentile": 50,
        "age": 49,
        "packyears_xc": 0.007,
        "METs": 1.3,
        "DrinksLastWeek": 0,
        "FruitVeg": 3.5,
        "Potato": 0.3,
        "Juice": 1,
        "BMI": 24.76,
        "timeincanada": 100.0,
        "SmokeCurrent_xc": 14.3,
        "SmokeFormer0to5_xc": 11.0,
        "SmokeFormer5Plus": 0.25,
        "percentinCanada": 59.68
    },
    {
        "percentile": 51,
        "age": 50,
        "packyears_xc": 0.007,
        "METs": 1.4,
        "DrinksLastWeek": 0,
        "FruitVeg": 3.6,
        "Potato": 0.3,
        "Juice": 1,
        "BMI": 24.83,
        "timeincanada": 100.0,
        "SmokeCurrent_xc": 14.95,
        "SmokeFormer0to5_xc": 11.25,
        "SmokeFormer5Plus": 0.6,
        "percentinCanada": 60.29
    },
    {
        "percentile": 52,
        "age": 50,
        "packyears_xc": 0.014,
        "METs": 1.4,
        "DrinksLastWeek": 0,
        "FruitVeg": 3.6,
        "Potato": 0.3,
        "Juice": 1,
        "BMI": 24.9,
        "timeincanada": 100.0,
        "SmokeCurrent_xc": 15.0,
        "SmokeFormer0to5_xc": 11.7,
        "SmokeFormer5Plus": 0.8,
        "percentinCanada": 60.81
    },
    {
        "percentile": 53,
        "age": 51,
        "packyears_xc": 0.014,
        "METs": 1.5,
        "DrinksLastWeek": 0,
        "FruitVeg": 3.7,
        "Potato": 0.3,
        "Juice": 1,
        "BMI": 25.15,
        "timeincanada": 100.0,
        "SmokeCurrent_xc": 15.6,
        "SmokeFormer0to5_xc": 12.25,
        "SmokeFormer5Plus": 1.05,
        "percentinCanada": 61.4
    },
    {
        "percentile": 54,
        "age": 51,
        "packyears_xc": 0.014,
        "METs": 1.5,
        "DrinksLastWeek": 0,
        "FruitVeg": 3.7,
        "Potato": 0.3,
        "Juice": 1,
        "BMI": 25.32,
        "timeincanada": 100.0,
        "SmokeCurrent_xc": 16.0,
        "SmokeFormer0to5_xc": 12.6,
        "SmokeFormer5Plus": 1.3,
        "percentinCanada": 62.0
    },
    {
        "percentile": 55,
        "age": 52,
        "packyears_xc": 0.1,
        "METs": 1.6,
        "DrinksLastWeek": 0,
        "FruitVeg": 3.8,
        "Potato": 0.3,
        "Juice": 1,
        "BMI": 25.4,
        "timeincanada": 100.0,
        "SmokeCurrent_xc": 16.25,
        "SmokeFormer0to5_xc": 13.125,
        "SmokeFormer5Plus": 1.6,
        "percentinCanada": 62.5
    },
    {
        "percentile": 56,
        "age": 53,
        "packyears_xc": 0.5,
        "METs": 1.6,
        "DrinksLastWeek": 1,
        "FruitVeg": 3.9,
        "Potato": 0.3,
        "Juice": 1,
        "BMI": 25.5,
        "timeincanada": 100.0,
        "SmokeCurrent_xc": 16.8,
        "SmokeFormer0to5_xc": 13.75,
        "SmokeFormer5Plus": 2.0,
        "percentinCanada": 62.96
    },
    {
        "percentile": 57,
        "age": 53,
        "packyears_xc": 0.9,
        "METs": 1.7,
        "DrinksLastWeek": 1,
        "FruitVeg": 4,
        "Potato": 0.4,
        "Juice": 1,
        "BMI": 25.59,
        "timeincanada": 100.0,
        "SmokeCurrent_xc": 17.1,
        "SmokeFormer0to5_xc": 14.125,
        "SmokeFormer5Plus": 2.25,
        "percentinCanada": 63.38
    },
    {
        "percentile": 58,
        "age": 54,
        "packyears_xc": 1.2,
        "METs": 1.7,
        "DrinksLastWeek": 1,
        "FruitVeg": 4,
        "Potato": 0.4,
        "Juice": 1,
        "BMI": 25.63,
        "timeincanada": 100.0,
        "SmokeCurrent_xc": 17.5,
        "SmokeFormer0to5_xc": 14.625,
        "SmokeFormer5Plus": 2.5,
        "percentinCanada": 63.89
    },
    {
        "percentile": 59,
        "age": 54,
        "packyears_xc": 1.5,
        "METs": 1.8,
        "DrinksLastWeek": 1,
        "FruitVeg": 4.1,
        "Potato": 0.4,
        "Juice": 1,
        "BMI": 25.8,
        "timeincanada": 100.0,
        "SmokeCurrent_xc": 18.0,
        "SmokeFormer0to5_xc": 15.0,
        "SmokeFormer5Plus": 3.0,
        "percentinCanada": 64.38
    },
    {
        "percentile": 60,
        "age": 55,
        "packyears_xc": 2.0,
        "METs": 1.8,
        "DrinksLastWeek": 1,
        "FruitVeg": 4.1,
        "Potato": 0.4,
        "Juice": 1,
        "BMI": 26.1,
        "timeincanada": 100.0,
        "SmokeCurrent_xc": 18.6,
        "SmokeFormer0to5_xc": 15.538,
        "SmokeFormer5Plus": 3.35,
        "percentinCanada": 64.86
    },
    {
        "percentile": 61,
        "age": 55,
        "packyears_xc": 2.4,
        "METs": 1.9,
        "DrinksLastWeek": 1,
        "FruitVeg": 4.1,
        "Potato": 0.4,
        "Juice": 1,
        "BMI": 26.3,
        "timeincanada": 100.0,
        "SmokeCurrent_xc": 19.0,
        "SmokeFormer0to5_xc": 16.25,
        "SmokeFormer5Plus": 3.75,
        "percentinCanada": 65.33
    },
    {
        "percentile": 62,
        "age": 56,
        "packyears_xc": 3.0,
        "METs": 1.9,
        "DrinksLastWeek": 1,
        "FruitVeg": 4.3,
        "Potato": 0.4,
        "Juice": 1,
        "BMI": 26.37,
        "timeincanada": 100.0,
        "SmokeCurrent_xc": 19.5,
        "SmokeFormer0to5_xc": 16.875,
        "SmokeFormer5Plus": 4.0,
        "percentinCanada": 65.75
    },
    {
        "percentile": 63,
        "age": 56,
        "packyears_xc": 3.5,
        "METs": 2,
        "DrinksLastWeek": 1,
        "FruitVeg": 4.3,
        "Potato": 0.4,
        "Juice": 1,
        "BMI": 26.4,
        "timeincanada": 100.0,
        "SmokeCurrent_xc": 20.0,
        "SmokeFormer0to5_xc": 17.55,
        "SmokeFormer5Plus": 4.5,
        "percentinCanada": 66.23
    },
    {
        "percentile": 64,
        "age": 57,
        "packyears_xc": 3.9,
        "METs": 2,
        "DrinksLastWeek": 1,
        "FruitVeg": 4.4,
        "Potato": 0.4,
        "Juice": 1,
        "BMI": 26.41,
        "timeincanada": 100.0,
        "SmokeCurrent_xc": 20.75,
        "SmokeFormer0to5_xc": 18.25,
        "SmokeFormer5Plus": 5.0,
        "percentinCanada": 66.67
    },
    {
        "percentile": 65,
        "age": 57,
        "packyears_xc": 4.5,
        "METs": 2.1,
        "DrinksLastWeek": 1,
        "FruitVeg": 4.4,
        "Potato": 0.4,
        "Juice": 1,
        "BMI": 26.72,
        "timeincanada": 100.0,
        "SmokeCurrent_xc": 21.25,
        "SmokeFormer0to5_xc": 19.0,
        "SmokeFormer5Plus": 5.25,
        "percentinCanada": 67.21
    },
    {
        "percentile": 66,
        "age": 58,
        "packyears_xc": 5.0,
        "METs": 2.2,
        "DrinksLastWeek": 2,
        "FruitVeg": 4.4,
        "Potato": 0.4,
        "Juice": 1,
        "BMI": 27.09,
        "timeincanada": 100.0,
        "SmokeCurrent_xc": 21.9,
        "SmokeFormer0to5_xc": 19.5,
        "SmokeFormer5Plus": 5.8,
        "percentinCanada": 67.74
    },
    {
        "percentile": 67,
        "age": 58,
        "packyears_xc": 5.5,
        "METs": 2.2,
        "DrinksLastWeek": 2,
        "FruitVeg": 4.5,
        "Potato": 0.4,
        "Juice": 1,
        "BMI": 27.2,
        "timeincanada": 100.0,
        "SmokeCurrent_xc": 22.5,
        "SmokeFormer0to5_xc": 20.5,
        "SmokeFormer5Plus": 6.25,
        "percentinCanada": 68.29
    },
    {
        "percentile": 68,
        "age": 59,
        "packyears_xc": 6.0,
        "METs": 2.2,
        "DrinksLastWeek": 2,
        "FruitVeg": 4.6,
        "Potato": 0.4,
        "Juice": 1,
        "BMI": 27.21,
        "timeincanada": 100.0,
        "SmokeCurrent_xc": 23.0,
        "SmokeFormer0to5_xc": 21.0,
        "SmokeFormer5Plus": 6.75,
        "percentinCanada": 68.85
    },
    {
        "percentile": 69,
        "age": 60,
        "packyears_xc": 6.75,
        "METs": 2.3,
        "DrinksLastWeek": 2,
        "FruitVeg": 4.7,
        "Potato": 0.4,
        "Juice": 1,
        "BMI": 27.23,
        "timeincanada": 100.0,
        "SmokeCurrent_xc": 23.65,
        "SmokeFormer0to5_xc": 21.875,
        "SmokeFormer5Plus": 7.2,
        "percentinCanada": 69.33
    },
    {
        "percentile": 70,
        "age": 60,
        "packyears_xc": 7.25,
        "METs": 2.3,
        "DrinksLastWeek": 2,
        "FruitVeg": 4.7,
        "Potato": 0.4,
        "Juice": 1,
        "BMI": 27.39,
        "timeincanada": 100.0,
        "SmokeCurrent_xc": 24.0,
        "SmokeFormer0to5_xc": 22.5,
        "SmokeFormer5Plus": 7.8,
        "percentinCanada": 70.0
    },
    {
        "percentile": 71,
        "age": 61,
        "packyears_xc": 8.0,
        "METs": 2.4,
        "DrinksLastWeek": 2,
        "FruitVeg": 4.9,
        "Potato": 0.4,
        "Juice": 1,
        "BMI": 27.8,
        "timeincanada": 100.0,
        "SmokeCurrent_xc": 25.0,
        "SmokeFormer0to5_xc": 23.125,
        "SmokeFormer5Plus": 8.4,
        "percentinCanada": 70.51
    },
    {
        "percentile": 72,
        "age": 61,
        "packyears_xc": 8.625,
        "METs": 2.5,
        "DrinksLastWeek": 2,
        "FruitVeg": 5,
        "Potato": 0.4,
        "Juice": 1,
        "BMI": 28.04,
        "timeincanada": 100.0,
        "SmokeCurrent_xc": 25.5,
        "SmokeFormer0to5_xc": 24.375,
        "SmokeFormer5Plus": 9.0,
        "percentinCanada": 71.05
    },
    {
        "percentile": 73,
        "age": 62,
        "packyears_xc": 9.35,
        "METs": 2.5,
        "DrinksLastWeek": 2,
        "FruitVeg": 5,
        "Potato": 0.4,
        "Juice": 1,
        "BMI": 28.09,
        "timeincanada": 100.0,
        "SmokeCurrent_xc": 26.1,
        "SmokeFormer0to5_xc": 25.075,
        "SmokeFormer5Plus": 9.5,
        "percentinCanada": 71.83
    },
    {
        "percentile": 74,
        "age": 63,
        "packyears_xc": 10.0,
        "METs": 2.6,
        "DrinksLastWeek": 3,
        "FruitVeg": 5.1,
        "Potato": 0.4,
        "Juice": 1,
        "BMI": 28.13,
        "timeincanada": 100.0,
        "SmokeCurrent_xc": 27.0,
        "SmokeFormer0to5_xc": 25.875,
        "SmokeFormer5Plus": 10.0,
        "percentinCanada": 72.55
    },
    {
        "percentile": 75,
        "age": 63,
        "packyears_xc": 10.8,
        "METs": 2.7,
        "DrinksLastWeek": 3,
        "FruitVeg": 5.1,
        "Potato": 0.6,
        "Juice": 1,
        "BMI": 28.48,
        "timeincanada": 100.0,
        "SmokeCurrent_xc": 27.5,
        "SmokeFormer0to5_xc": 26.875,
        "SmokeFormer5Plus": 10.6,
        "percentinCanada": 73.33
    },
    {
        "percentile": 76,
        "age": 64,
        "packyears_xc": 11.6,
        "METs": 2.8,
        "DrinksLastWeek": 3,
        "FruitVeg": 5.3,
        "Potato": 0.6,
        "Juice": 1,
        "BMI": 28.8,
        "timeincanada": 100.0,
        "SmokeCurrent_xc": 28.0,
        "SmokeFormer0to5_xc": 28.0,
        "SmokeFormer5Plus": 11.25,
        "percentinCanada": 74.03
    },
    {
        "percentile": 77,
        "age": 65,
        "packyears_xc": 12.5,
        "METs": 2.8,
        "DrinksLastWeek": 3,
        "FruitVeg": 5.3,
        "Potato": 0.6,
        "Juice": 1,
        "BMI": 28.93,
        "timeincanada": 100.0,
        "SmokeCurrent_xc": 28.75,
        "SmokeFormer0to5_xc": 29.25,
        "SmokeFormer5Plus": 12.0,
        "percentinCanada": 75.0
    },
    {
        "percentile": 78,
        "age": 65,
        "packyears_xc": 13.5,
        "METs": 2.9,
        "DrinksLastWeek": 3,
        "FruitVeg": 5.4,
        "Potato": 0.6,
        "Juice": 1,
        "BMI": 29.02,
        "timeincanada": 100.0,
        "SmokeCurrent_xc": 29.45,
        "SmokeFormer0to5_xc": 30.0,
        "SmokeFormer5Plus": 13.0,
        "percentinCanada": 76.06
    },
    {
        "percentile": 79,
        "age": 66,
        "packyears_xc": 14.3,
        "METs": 3,
        "DrinksLastWeek": 4,
        "FruitVeg": 5.4,
        "Potato": 0.6,
        "Juice": 1,
        "BMI": 29.16,
        "timeincanada": 100.0,
        "SmokeCurrent_xc": 30.0,
        "SmokeFormer0to5_xc": 31.45,
        "SmokeFormer5Plus": 13.8,
        "percentinCanada": 77.19
    },
    {
        "percentile": 80,
        "age": 67,
        "packyears_xc": 15.0,
        "METs": 3,
        "DrinksLastWeek": 4,
        "FruitVeg": 5.6,
        "Potato": 0.6,
        "Juice": 1,
        "BMI": 29.59,
        "timeincanada": 100.0,
        "SmokeCurrent_xc": 31.25,
        "SmokeFormer0to5_xc": 32.5,
        "SmokeFormer5Plus": 15.0,
        "percentinCanada": 78.57
    },
    {
        "percentile": 81,
        "age": 68,
        "packyears_xc": 16.25,
        "METs": 3.1,
        "DrinksLastWeek": 4,
        "FruitVeg": 5.7,
        "Potato": 0.6,
        "Juice": 1,
        "BMI": 29.79,
        "timeincanada": 100.0,
        "SmokeCurrent_xc": 32.25,
        "SmokeFormer0to5_xc": 33.5,
        "SmokeFormer5Plus": 15.9,
        "percentinCanada": 80.0
    },
    {
        "percentile": 82,
        "age": 68,
        "packyears_xc": 17.25,
        "METs": 3.2,
        "DrinksLastWeek": 4,
        "FruitVeg": 5.9,
        "Potato": 0.6,
        "Juice": 1,
        "BMI": 29.93,
        "timeincanada": 100.0,
        "SmokeCurrent_xc": 33.0,
        "SmokeFormer0to5_xc": 35.0,
        "SmokeFormer5Plus": 16.5,
        "percentinCanada": 81.25
    },
    {
        "percentile": 83,
        "age": 69,
        "packyears_xc": 18.5,
        "METs": 3.3,
        "DrinksLastWeek": 5,
        "FruitVeg": 6,
        "Potato": 0.6,
        "Juice": 1,
        "BMI": 30.18,
        "timeincanada": 100.0,
        "SmokeCurrent_xc": 34.0,
        "SmokeFormer0to5_xc": 36.25,
        "SmokeFormer5Plus": 17.55,
        "percentinCanada": 82.35
    },
    {
        "percentile": 84,
        "age": 70,
        "packyears_xc": 19.5,
        "METs": 3.4,
        "DrinksLastWeek": 5,
        "FruitVeg": 6,
        "Potato": 0.7,
        "Juice": 1,
        "BMI": 30.57,
        "timeincanada": 100.0,
        "SmokeCurrent_xc": 35.25,
        "SmokeFormer0to5_xc": 37.838,
        "SmokeFormer5Plus": 18.75,
        "percentinCanada": 83.64
    },
    {
        "percentile": 85,
        "age": 71,
        "packyears_xc": 21.0,
        "METs": 3.5,
        "DrinksLastWeek": 5,
        "FruitVeg": 6.1,
        "Potato": 0.7,
        "Juice": 1,
        "BMI": 30.8,
        "timeincanada": 100.0,
        "SmokeCurrent_xc": 36.25,
        "SmokeFormer0to5_xc": 39.375,
        "SmokeFormer5Plus": 20.0,
        "percentinCanada": 84.75
    },
    {
        "percentile": 86,
        "age": 72,
        "packyears_xc": 22.2,
        "METs": 3.6,
        "DrinksLastWeek": 6,
        "FruitVeg": 6.3,
        "Potato": 0.7,
        "Juice": 2,
        "BMI": 31.07,
        "timeincanada": 100.0,
        "SmokeCurrent_xc": 37.5,
        "SmokeFormer0to5_xc": 40.125,
        "SmokeFormer5Plus": 21.0,
        "percentinCanada": 86.11
    },
    {
        "percentile": 87,
        "age": 72,
        "packyears_xc": 23.75,
        "METs": 3.8,
        "DrinksLastWeek": 6,
        "FruitVeg": 6.4,
        "Potato": 0.7,
        "Juice": 2,
        "BMI": 31.49,
        "timeincanada": 100.0,
        "SmokeCurrent_xc": 38.75,
        "SmokeFormer0to5_xc": 41.875,
        "SmokeFormer5Plus": 22.5,
        "percentinCanada": 87.5
    },
    {
        "percentile": 88,
        "age": 73,
        "packyears_xc": 25.0,
        "METs": 3.9,
        "DrinksLastWeek": 7,
        "FruitVeg": 6.6,
        "Potato": 1,
        "Juice": 2,
        "BMI": 31.75,
        "timeincanada": 100.0,
        "SmokeCurrent_xc": 40.0,
        "SmokeFormer0to5_xc": 43.75,
        "SmokeFormer5Plus": 23.75,
        "percentinCanada": 88.68
    },
    {
        "percentile": 89,
        "age": 74,
        "packyears_xc": 26.875,
        "METs": 4.1,
        "DrinksLastWeek": 7,
        "FruitVeg": 6.8,
        "Potato": 1,
        "Juice": 2,
        "BMI": 32.19,
        "timeincanada": 100.0,
        "SmokeCurrent_xc": 41.25,
        "SmokeFormer0to5_xc": 45.625,
        "SmokeFormer5Plus": 25.0,
        "percentinCanada": 90.0
    },
    {
        "percentile": 90,
        "age": 75,
        "packyears_xc": 28.5,
        "METs": 4.2,
        "DrinksLastWeek": 7,
        "FruitVeg": 7,
        "Potato": 1,
        "Juice": 2,
        "BMI": 32.65,
        "timeincanada": 100.0,
        "SmokeCurrent_xc": 43.0,
        "SmokeFormer0to5_xc": 47.5,
        "SmokeFormer5Plus": 27.5,
        "percentinCanada": 90.91
    },
    {
        "percentile": 91,
        "age": 76,
        "packyears_xc": 30.0,
        "METs": 4.4,
        "DrinksLastWeek": 7,
        "FruitVeg": 7.1,
        "Potato": 1,
        "Juice": 2,
        "BMI": 33.02,
        "timeincanada": 100.0,
        "SmokeCurrent_xc": 45.0,
        "SmokeFormer0to5_xc": 48.75,
        "SmokeFormer5Plus": 29.0,
        "percentinCanada": 91.89
    },
    {
        "percentile": 92,
        "age": 77,
        "packyears_xc": 32.5,
        "METs": 4.6,
        "DrinksLastWeek": 8,
        "FruitVeg": 7.4,
        "Potato": 1,
        "Juice": 2,
        "BMI": 33.64,
        "timeincanada": 100.0,
        "SmokeCurrent_xc": 46.25,
        "SmokeFormer0to5_xc": 50.625,
        "SmokeFormer5Plus": 31.25,
        "percentinCanada": 93.02
    },
    {
        "percentile": 93,
        "age": 78,
        "packyears_xc": 35.0,
        "METs": 4.9,
        "DrinksLastWeek": 8,
        "FruitVeg": 7.6,
        "Potato": 1,
        "Juice": 2,
        "BMI": 34.1,
        "timeincanada": 100.0,
        "SmokeCurrent_xc": 48.0,
        "SmokeFormer0to5_xc": 53.5,
        "SmokeFormer5Plus": 33.75,
        "percentinCanada": 94.12
    },
    {
        "percentile": 94,
        "age": 79,
        "packyears_xc": 38.0,
        "METs": 5.2,
        "DrinksLastWeek": 9,
        "FruitVeg": 8,
        "Potato": 1,
        "Juice": 2,
        "BMI": 34.89,
        "timeincanada": 100.0,
        "SmokeCurrent_xc": 50.0,
        "SmokeFormer0to5_xc": 56.875,
        "SmokeFormer5Plus": 36.0,
        "percentinCanada": 94.92
    },
    {
        "percentile": 95,
        "age": 80,
        "packyears_xc": 41.0,
        "METs": 5.5,
        "DrinksLastWeek": 10,
        "FruitVeg": 8.3,
        "Potato": 1,
        "Juice": 2,
        "BMI": 35.73,
        "timeincanada": 100.0,
        "SmokeCurrent_xc": 52.5,
        "SmokeFormer0to5_xc": 60.625,
        "SmokeFormer5Plus": 38.75,
        "percentinCanada": 96.0
    },
    {
        "percentile": 96,
        "age": 81,
        "packyears_xc": 44.4,
        "METs": 5.9,
        "DrinksLastWeek": 12,
        "FruitVeg": 8.7,
        "Potato": 1,
        "Juice": 3,
        "BMI": 36.8,
        "timeincanada": 100.0,
        "SmokeCurrent_xc": 55.0,
        "SmokeFormer0to5_xc": 64.188,
        "SmokeFormer5Plus": 42.5,
        "percentinCanada": 96.74
    },
    {
        "percentile": 97,
        "age": 83,
        "packyears_xc": 48.75,
        "METs": 6.5,
        "DrinksLastWeek": 14,
        "FruitVeg": 9.3,
        "Potato": 1,
        "Juice": 3,
        "BMI": 38.1,
        "timeincanada": 100.0,
        "SmokeCurrent_xc": 59.0,
        "SmokeFormer0to5_xc": 68.125,
        "SmokeFormer5Plus": 46.5,
        "percentinCanada": 97.87
    },
    {
        "percentile": 98,
        "age": 85,
        "packyears_xc": 55.0,
        "METs": 7.4,
        "DrinksLastWeek": 15,
        "FruitVeg": 10.2,
        "Potato": 1,
        "Juice": 3,
        "BMI": 40.05,
        "timeincanada": 100.0,
        "SmokeCurrent_xc": 65.0,
        "SmokeFormer0to5_xc": 73.75,
        "SmokeFormer5Plus": 52.5,
        "percentinCanada": 98.8
    },
    {
        "percentile": 99,
        "age": 87,
        "packyears_xc": 66.25,
        "METs": 9,
        "DrinksLastWeek": 20,
        "FruitVeg": 12.4,
        "Potato": 1,
        "Juice": 4,
        "BMI": 43.5,
        "timeincanada": 100.0,
        "SmokeCurrent_xc": 75.0,
        "SmokeFormer0to5_xc": 78.0,
        "SmokeFormer5Plus": 67.5,
        "percentinCanada": 100.0
    },
    {
        "percentile": 100,
        "age": 101,
        "packyears_xc": 78.0,
        "METs": 10.7,
        "DrinksLastWeek": 26,
        "FruitVeg": 12.7,
        "Potato": 2,
        "Juice": 5,
        "BMI": 48.37,
        "timeincanada": 100.0,
        "SmokeCurrent_xc": 78.0,
        "SmokeFormer0to5_xc": 78.0,
        "SmokeFormer5Plus": 78.0,
        "percentinCanada": 100.0
    }
]
