<?xml version="1.0"?>
<PMML>
  <Header copyright="Copyright (c) 2016 The Ottawa Hospital" description="MPoRT Female V1.2.5">
    <Annotation>
      Mortality (all-cause) Population Risk Tool (MPoRTv2)                            
        
      <Extension name="author">Doug Manuel</Extension>
    </Annotation>
    <Extension name="user" value="theottawahospital" extender="COXPH"/>
    <Application name="COXPH" version="1.4"/>
    <Timestamp>2016-05-26 17:01:13</Timestamp>
  </Header>
  <Output/>
  <Targets/>
  <Taxonomy name="means">
    <InlineTable>
      <row>
        <index>1</index>
        <Name>AgeC_cont</Name>
        <Minimum>20</Minimum>
        <Maximum>102</Maximum>
        <Means>52.1712945</Means>
        <Std.Dev>18.3327804</Std.Dev>
        <Median>52</Median>
        <Q1>37</Q1>
        <Q3>67</Q3>
        <Knot1>-28.1712945</Knot1>
        <Knot2>-14.1712945</Knot2>
        <Knot3>-0.1712945</Knot3>
        <Knot4>12.8287055</Knot4>
        <Knot5>29.8287055</Knot5>
      </row>
      <row>
        <index>2</index>
        <Name>SmokeCurrentC_cat</Name>
        <Minimum>0</Minimum>
        <Maximum>1</Maximum>
        <Means>0.210621</Means>
        <Std.Dev>0.4077518</Std.Dev>
        <Median>0</Median>
        <Q1>0</Q1>
        <Q3>0</Q3>
        <Knot1>NA</Knot1>
        <Knot2>NA</Knot2>
        <Knot3>NA</Knot3>
        <Knot4>NA</Knot4>
        <Knot5>NA</Knot5>
      </row>
      <row>
        <index>3</index>
        <Name>SmokeFormer0to5C_cat</Name>
        <Minimum>0</Minimum>
        <Maximum>1</Maximum>
        <Means>0.0949346</Means>
        <Std.Dev>0.2931261</Std.Dev>
        <Median>0</Median>
        <Q1>0</Q1>
        <Q3>0</Q3>
        <Knot1>NA</Knot1>
        <Knot2>NA</Knot2>
        <Knot3>NA</Knot3>
        <Knot4>NA</Knot4>
        <Knot5>NA</Knot5>
      </row>
      <row>
        <index>4</index>
        <Name>SmokeFormer5plusC_cat</Name>
        <Minimum>0</Minimum>
        <Maximum>1</Maximum>
        <Means>0.2988136</Means>
        <Std.Dev>0.4577404</Std.Dev>
        <Median>0</Median>
        <Q1>0</Q1>
        <Q3>1</Q3>
        <Knot1>NA</Knot1>
        <Knot2>NA</Knot2>
        <Knot3>NA</Knot3>
        <Knot4>NA</Knot4>
        <Knot5>NA</Knot5>
      </row>
      <row>
        <index>5</index>
        <Name>PackYearsC_cont</Name>
        <Minimum>0</Minimum>
        <Maximum>78</Maximum>
        <Means>8.5522579</Means>
        <Std.Dev>14.6897018</Std.Dev>
        <Median>2.5</Median>
        <Q1>0</Q1>
        <Q3>10</Q3>
        <Knot1>-8.552258</Knot1>
        <Knot2>-6.052258</Knot2>
        <Knot3>20.197742</Knot3>
        <Knot4>NA</Knot4>
        <Knot5>NA</Knot5>
      </row>
      <row>
        <index>6</index>
        <Name>FormerDrinkerC_cat</Name>
        <Minimum>0</Minimum>
        <Maximum>1</Maximum>
        <Means>0.1567167</Means>
        <Std.Dev>0.3635354</Std.Dev>
        <Median>0</Median>
        <Q1>0</Q1>
        <Q3>0</Q3>
        <Knot1>NA</Knot1>
        <Knot2>NA</Knot2>
        <Knot3>NA</Knot3>
        <Knot4>NA</Knot4>
        <Knot5>NA</Knot5>
      </row>
      <row>
        <index>7</index>
        <Name>DrinksLastWeekC_cont</Name>
        <Minimum>0</Minimum>
        <Maximum>24</Maximum>
        <Means>2.1419706</Means>
        <Std.Dev>3.9369174</Std.Dev>
        <Median>0</Median>
        <Q1>0</Q1>
        <Q3>3</Q3>
        <Knot1>-2.1419706</Knot1>
        <Knot2>-1.1419706</Knot2>
        <Knot3>-0.1419706</Knot3>
        <Knot4>4.8580294</Knot4>
        <Knot5>NA</Knot5>
      </row>
      <row>
        <index>8</index>
        <Name>DietScore2C_cont</Name>
        <Minimum>-18.8680064</Minimum>
        <Maximum>20.6964115</Maximum>
        <Means>9.12e-13</Means>
        <Std.Dev>2.9528452</Std.Dev>
        <Median>-0.2196557</Median>
        <Q1>-1.9428973</Q1>
        <Q3>1.7520618</Q3>
        <Knot1>-3.3821214</Knot1>
        <Knot2>-0.2196557</Knot2>
        <Knot3>3.7547511</Knot3>
        <Knot4>NA</Knot4>
        <Knot5>NA</Knot5>
      </row>
      <row>
        <index>9</index>
        <Name>PhysicalActivityC_cont</Name>
        <Minimum>0</Minimum>
        <Maximum>12.354</Maximum>
        <Means>1.8600395</Means>
        <Std.Dev>1.9071799</Std.Dev>
        <Median>1.3</Median>
        <Q1>0.5</Q1>
        <Q3>2.7</Q3>
        <Knot1>-1.7600395</Knot1>
        <Knot2>-0.1600395</Knot2>
        <Knot3>2.6399605</Knot3>
        <Knot4>NA</Knot4>
        <Knot5>NA</Knot5>
      </row>
      <row>
        <index>10</index>
        <Name>BMIC_cont</Name>
        <Minimum>8.89</Minimum>
        <Maximum>47.152205</Maximum>
        <Means>25.9326726</Means>
        <Std.Dev>5.410167</Std.Dev>
        <Median>24.89</Median>
        <Q1>22.1</Q1>
        <Q3>28.8594039</Q3>
        <Knot1>-5.852673</Knot1>
        <Knot2>-1.042673</Knot2>
        <Knot3>7.085145</Knot3>
        <Knot4>NA</Knot4>
        <Knot5>NA</Knot5>
      </row>
      <row>
        <index>11</index>
        <Name>EduNoHSGradC_cat</Name>
        <Minimum>0</Minimum>
        <Maximum>1</Maximum>
        <Means>0.1912154</Means>
        <Std.Dev>0.3932604</Std.Dev>
        <Median>0</Median>
        <Q1>0</Q1>
        <Q3>0</Q3>
        <Knot1>NA</Knot1>
        <Knot2>NA</Knot2>
        <Knot3>NA</Knot3>
        <Knot4>NA</Knot4>
        <Knot5>NA</Knot5>
      </row>
      <row>
        <index>12</index>
        <Name>EduHSGradC_cat</Name>
        <Minimum>0</Minimum>
        <Maximum>1</Maximum>
        <Means>0.1977786</Means>
        <Std.Dev>0.3983264</Std.Dev>
        <Median>0</Median>
        <Q1>0</Q1>
        <Q3>0</Q3>
        <Knot1>NA</Knot1>
        <Knot2>NA</Knot2>
        <Knot3>NA</Knot3>
        <Knot4>NA</Knot4>
        <Knot5>NA</Knot5>
      </row>
      <row>
        <index>13</index>
        <Name>EduSomePS2C_cat</Name>
        <Minimum>0</Minimum>
        <Maximum>1</Maximum>
        <Means>0.0640225</Means>
        <Std.Dev>0.2447942</Std.Dev>
        <Median>0</Median>
        <Q1>0</Q1>
        <Q3>0</Q3>
        <Knot1>NA</Knot1>
        <Knot2>NA</Knot2>
        <Knot3>NA</Knot3>
        <Knot4>NA</Knot4>
        <Knot5>NA</Knot5>
      </row>
      <row>
        <index>14</index>
        <Name>DepIndHighC_cat</Name>
        <Minimum>0</Minimum>
        <Maximum>1</Maximum>
        <Means>0.1660356</Means>
        <Std.Dev>0.3721145</Std.Dev>
        <Median>0</Median>
        <Q1>0</Q1>
        <Q3>0</Q3>
        <Knot1>NA</Knot1>
        <Knot2>NA</Knot2>
        <Knot3>NA</Knot3>
        <Knot4>NA</Knot4>
        <Knot5>NA</Knot5>
      </row>
      <row>
        <index>15</index>
        <Name>DepIndModC_cat</Name>
        <Minimum>0</Minimum>
        <Maximum>1</Maximum>
        <Means>0.6447579</Means>
        <Std.Dev>0.4785891</Std.Dev>
        <Median>1</Median>
        <Q1>0</Q1>
        <Q3>1</Q3>
        <Knot1>NA</Knot1>
        <Knot2>NA</Knot2>
        <Knot3>NA</Knot3>
        <Knot4>NA</Knot4>
        <Knot5>NA</Knot5>
      </row>
      <row>
        <index>16</index>
        <Name>EthnBlackC_cat</Name>
        <Minimum>0</Minimum>
        <Maximum>1</Maximum>
        <Means>0.0140624</Means>
        <Std.Dev>0.117749</Std.Dev>
        <Median>0</Median>
        <Q1>0</Q1>
        <Q3>0</Q3>
        <Knot1>NA</Knot1>
        <Knot2>NA</Knot2>
        <Knot3>NA</Knot3>
        <Knot4>NA</Knot4>
        <Knot5>NA</Knot5>
      </row>
      <row>
        <index>17</index>
        <Name>EthnChineseC_cat</Name>
        <Minimum>0</Minimum>
        <Maximum>1</Maximum>
        <Means>0.0140414</Means>
        <Std.Dev>0.1176622</Std.Dev>
        <Median>0</Median>
        <Q1>0</Q1>
        <Q3>0</Q3>
        <Knot1>NA</Knot1>
        <Knot2>NA</Knot2>
        <Knot3>NA</Knot3>
        <Knot4>NA</Knot4>
        <Knot5>NA</Knot5>
      </row>
      <row>
        <index>18</index>
        <Name>EthnJapanC_cat</Name>
        <Minimum>0</Minimum>
        <Maximum>1</Maximum>
        <Means>0.0135471</Means>
        <Std.Dev>0.1156014</Std.Dev>
        <Median>0</Median>
        <Q1>0</Q1>
        <Q3>0</Q3>
        <Knot1>NA</Knot1>
        <Knot2>NA</Knot2>
        <Knot3>NA</Knot3>
        <Knot4>NA</Knot4>
        <Knot5>NA</Knot5>
      </row>
      <row>
        <index>19</index>
        <Name>EthnAsianC_cat</Name>
        <Minimum>0</Minimum>
        <Maximum>1</Maximum>
        <Means>0.0251167</Means>
        <Std.Dev>0.1564805</Std.Dev>
        <Median>0</Median>
        <Q1>0</Q1>
        <Q3>0</Q3>
        <Knot1>NA</Knot1>
        <Knot2>NA</Knot2>
        <Knot3>NA</Knot3>
        <Knot4>NA</Knot4>
        <Knot5>NA</Knot5>
      </row>
      <row>
        <index>20</index>
        <Name>EthnOtherC_cat</Name>
        <Minimum>0</Minimum>
        <Maximum>1</Maximum>
        <Means>0.041693</Means>
        <Std.Dev>0.1998877</Std.Dev>
        <Median>0</Median>
        <Q1>0</Q1>
        <Q3>0</Q3>
        <Knot1>NA</Knot1>
        <Knot2>NA</Knot2>
        <Knot3>NA</Knot3>
        <Knot4>NA</Knot4>
        <Knot5>NA</Knot5>
      </row>
      <row>
        <index>21</index>
        <Name>DiabetesC_cat</Name>
        <Minimum>0</Minimum>
        <Maximum>1</Maximum>
        <Means>0.0725525</Means>
        <Std.Dev>0.2594019</Std.Dev>
        <Median>0</Median>
        <Q1>0</Q1>
        <Q3>0</Q3>
        <Knot1>NA</Knot1>
        <Knot2>NA</Knot2>
        <Knot3>NA</Knot3>
        <Knot4>NA</Knot4>
        <Knot5>NA</Knot5>
      </row>
      <row>
        <index>22</index>
        <Name>HypertensionC_cat</Name>
        <Minimum>0</Minimum>
        <Maximum>1</Maximum>
        <Means>0.2434684</Means>
        <Std.Dev>0.4291777</Std.Dev>
        <Median>0</Median>
        <Q1>0</Q1>
        <Q3>0</Q3>
        <Knot1>NA</Knot1>
        <Knot2>NA</Knot2>
        <Knot3>NA</Knot3>
        <Knot4>NA</Knot4>
        <Knot5>NA</Knot5>
      </row>
      <row>
        <index>23</index>
        <Name>HeartDisC_cat</Name>
        <Minimum>0</Minimum>
        <Maximum>1</Maximum>
        <Means>0.0745824</Means>
        <Std.Dev>0.2627178</Std.Dev>
        <Median>0</Median>
        <Q1>0</Q1>
        <Q3>0</Q3>
        <Knot1>NA</Knot1>
        <Knot2>NA</Knot2>
        <Knot3>NA</Knot3>
        <Knot4>NA</Knot4>
        <Knot5>NA</Knot5>
      </row>
      <row>
        <index>24</index>
        <Name>StrokeC_cat</Name>
        <Minimum>0</Minimum>
        <Maximum>1</Maximum>
        <Means>0.0174282</Means>
        <Std.Dev>0.130861</Std.Dev>
        <Median>0</Median>
        <Q1>0</Q1>
        <Q3>0</Q3>
        <Knot1>NA</Knot1>
        <Knot2>NA</Knot2>
        <Knot3>NA</Knot3>
        <Knot4>NA</Knot4>
        <Knot5>NA</Knot5>
      </row>
      <row>
        <index>25</index>
        <Name>COPDC_cat</Name>
        <Minimum>0</Minimum>
        <Maximum>1</Maximum>
        <Means>0.070228</Means>
        <Std.Dev>0.2555323</Std.Dev>
        <Median>0</Median>
        <Q1>0</Q1>
        <Q3>0</Q3>
        <Knot1>NA</Knot1>
        <Knot2>NA</Knot2>
        <Knot3>NA</Knot3>
        <Knot4>NA</Knot4>
        <Knot5>NA</Knot5>
      </row>
      <row>
        <index>26</index>
        <Name>MoodC_cat</Name>
        <Minimum>0</Minimum>
        <Maximum>1</Maximum>
        <Means>0.1035382</Means>
        <Std.Dev>0.3046622</Std.Dev>
        <Median>0</Median>
        <Q1>0</Q1>
        <Q3>0</Q3>
        <Knot1>NA</Knot1>
        <Knot2>NA</Knot2>
        <Knot3>NA</Knot3>
        <Knot4>NA</Knot4>
        <Knot5>NA</Knot5>
      </row>
      <row>
        <index>27</index>
        <Name>ActiveCancerC_cat</Name>
        <Minimum>0</Minimum>
        <Maximum>1</Maximum>
        <Means>0.0298708</Means>
        <Std.Dev>0.1702318</Std.Dev>
        <Median>0</Median>
        <Q1>0</Q1>
        <Q3>0</Q3>
        <Knot1>NA</Knot1>
        <Knot2>NA</Knot2>
        <Knot3>NA</Knot3>
        <Knot4>NA</Knot4>
        <Knot5>NA</Knot5>
      </row>
      <row>
        <index>28</index>
        <Name>DementiaC_cat</Name>
        <Minimum>0</Minimum>
        <Maximum>1</Maximum>
        <Means>0.0049644</Means>
        <Std.Dev>0.0702841</Std.Dev>
        <Median>0</Median>
        <Q1>0</Q1>
        <Q3>0</Q3>
        <Knot1>NA</Knot1>
        <Knot2>NA</Knot2>
        <Knot3>NA</Knot3>
        <Knot4>NA</Knot4>
        <Knot5>NA</Knot5>
      </row>
    </InlineTable>
  </Taxonomy>
  <DataDictionary numberOfFields="59">
    <DataField name="AgeC_rcs1" optype="continuous" dataType="number"/>
    <DataField name="AgeC_rcs2" optype="continuous" dataType="number"/>
    <DataField name="AgeC_rcs3" optype="continuous" dataType="number"/>
    <DataField name="AgeC_rcs4" optype="continuous" dataType="number"/>
    <DataField name="SmokeCurrentC_cat" optype="categorical" dataType="string"/>
    <DataField name="SmokeFormer0to5C_cat" optype="categorical" dataType="string"/>
    <DataField name="SmokeFormer5PlusC_cat" optype="categorical" dataType="string"/>
    <DataField name="PackYearsC_rcs1" optype="continuous" dataType="number"/>
    <DataField name="PackYearsC_rcs2" optype="continuous" dataType="number"/>
    <DataField name="FormerDrinkerC_cat" optype="categorical" dataType="string"/>
    <DataField name="DrinksLastWeekC_rcs1" optype="continuous" dataType="number"/>
    <DataField name="DrinksLastWeekC_rcs2" optype="continuous" dataType="number"/>
    <DataField name="DrinksLastWeekC_rcs3" optype="continuous" dataType="number"/>
    <DataField name="DietScore2C_rcs1" optype="continuous" dataType="number"/>
    <DataField name="DietScore2C_rcs2" optype="continuous" dataType="number"/>
    <DataField name="DepIndHighC_cat" optype="categorical" dataType="string"/>
    <DataField name="DepIndModC_cat" optype="categorical" dataType="string"/>
    <DataField name="EthnBlackC_cat" optype="categorical" dataType="string"/>
    <DataField name="EthnChineseC_cat" optype="categorical" dataType="string"/>
    <DataField name="EthnJapanC_cat" optype="categorical" dataType="string"/>
    <DataField name="EthnOtherC_cat" optype="categorical" dataType="string"/>
    <DataField name="EthnSAsianC_cat" optype="categorical" dataType="string"/>
    <DataField name="EduHSGrad2C_cat" optype="categorical" dataType="string"/>
    <DataField name="EduNoHSGrad2C_cat" optype="categorical" dataType="string"/>
    <DataField name="EduSomePS2C_cat" optype="categorical" dataType="string"/>
    <DataField name="PhysicalActivityC_rcs1" optype="continuous" dataType="number"/>
    <DataField name="PhysicalActivityC_rcs2" optype="continuous" dataType="number"/>
    <DataField name="BMIC_rcs1" optype="continuous" dataType="number"/>
    <DataField name="BMIC_rcs2" optype="continuous" dataType="number"/>
    <DataField name="DiabetesC_cat" optype="categorical" dataType="string"/>
    <DataField name="HypertensionC_cat" optype="categorical" dataType="string"/>
    <DataField name="COPDC_cat" optype="categorical" dataType="string"/>
    <DataField name="MoodC_cat" optype="categorical" dataType="string"/>
    <DataField name="ActiveCancerC_cat" optype="categorical" dataType="string"/>
    <DataField name="DementiaC_cat" optype="categorical" dataType="string"/>
    <DataField name="HeartDisC_cat" optype="categorical" dataType="string"/>
    <DataField name="StrokeC_cat" optype="categorical" dataType="string"/>
    <DataField name="AgeCXSmokeCurrentC_int" optype="continuous" dataType="number"/>
    <DataField name="AgeCXSmokeFormer0to5C_int" optype="continuous" dataType="number"/>
    <DataField name="AgeCXSmokeFormer5PlusC_int" optype="continuous" dataType="number"/>
    <DataField name="AgeCXPackYearsC_int" optype="continuous" dataType="number"/>
    <DataField name="AgeCXFormerDrinkerC_int" optype="continuous" dataType="number"/>
    <DataField name="AgeCXDrinksLastWeekC_int" optype="continuous" dataType="number"/>
    <DataField name="AgeCXDietScore2C_int" optype="continuous" dataType="number"/>
    <DataField name="AgeCXDepIndHighC_int" optype="continuous" dataType="number"/>
    <DataField name="AgeCXDepIndModC_int" optype="continuous" dataType="number"/>
    <DataField name="AgeCXEduHSGrad2C_int" optype="continuous" dataType="number"/>
    <DataField name="AgeCXEduNoHSGrad2C_int" optype="continuous" dataType="number"/>
    <DataField name="AgeCXEduSomePS2C_int" optype="continuous" dataType="number"/>
    <DataField name="AgeCXPhysicalActivityC_int" optype="continuous" dataType="number"/>
    <DataField name="AgeCXBMIC_int" optype="continuous" dataType="number"/>
    <DataField name="AgeCXDiabetesC_int" optype="continuous" dataType="number"/>
    <DataField name="AgeCXHypertensionC_int" optype="continuous" dataType="number"/>
    <DataField name="AgeCXCOPDC_int" optype="continuous" dataType="number"/>
    <DataField name="AgeCXMoodC_int" optype="continuous" dataType="number"/>
    <DataField name="AgeCXActiveCancerC_int" optype="continuous" dataType="number"/>
    <DataField name="AgeCXDementiaC_int" optype="continuous" dataType="number"/>
    <DataField name="AgeCXHeartDisC_int" optype="continuous" dataType="number"/>
    <DataField name="AgeCXStrokeC_int" optype="continuous" dataType="number"/>
  </DataDictionary>
  <LocalTransformations>
    <DerivedField name="AgeC_cont" optype="continuous">
      <Apply function="-">
        <FieldRef field="Age_cont"/>
        <MapValues outputColumn="Means">
          <FieldColumnPair column="Name" constant="AgeC_cont"/>
          <TableLocator location="taxonomy" name="means"/>
        </MapValues>
      </Apply>
    </DerivedField>
    <DerivedField name="PackYearsC_cont" optype="continuous">
      <Apply function="-">
        <FieldRef field="PackYears_cont"/>
        <MapValues outputColumn="Means">
          <FieldColumnPair column="Name" constant="PackYearsC_cont"/>
          <TableLocator location="taxonomy" name="means"/>
        </MapValues>
      </Apply>
    </DerivedField>
    <DerivedField name="SmokeFormer5PlusC_cat" optype="continuous">
      <Apply function="-">
        <FieldRef field="SmokeFormer5Plus_cat"/>
        <MapValues outputColumn="Means">
          <FieldColumnPair column="Name" constant="SmokeFormer5PlusC_cat"/>
          <TableLocator location="taxonomy" name="means"/>
        </MapValues>
      </Apply>
    </DerivedField>
    <DerivedField name="SmokeFormer0to5C_cat" optype="continuous">
      <Apply function="-">
        <FieldRef field="SmokeFormer0to5_cat"/>
        <MapValues outputColumn="Means">
          <FieldColumnPair column="Name" constant="SmokeFormer0to5C_cat"/>
          <TableLocator location="taxonomy" name="means"/>
        </MapValues>
      </Apply>
    </DerivedField>
    <DerivedField name="SmokeCurrentC_cat" optype="continuous">
      <Apply function="-">
        <FieldRef field="SmokeCurrent_cat"/>
        <MapValues outputColumn="Means">
          <FieldColumnPair column="Name" constant="SmokeCurrentC_cat"/>
          <TableLocator location="taxonomy" name="means"/>
        </MapValues>
      </Apply>
    </DerivedField>
    <DerivedField name="DrinksLastWeekC_cont" optype="continuous">
      <Apply function="-">
        <FieldRef field="DrinksLastWeek_cont"/>
        <MapValues outputColumn="Means">
          <FieldColumnPair column="Name" constant="DrinksLastWeekC_cont"/>
          <TableLocator location="taxonomy" name="means"/>
        </MapValues>
      </Apply>
    </DerivedField>
    <DerivedField name="FormerDrinkerC_cat" optype="continuous">
      <Apply function="-">
        <FieldRef field="FormerDrinker_cat"/>
        <MapValues outputColumn="Means">
          <FieldColumnPair column="Name" constant="FormerDrinkerC_cat"/>
          <TableLocator location="taxonomy" name="means"/>
        </MapValues>
      </Apply>
    </DerivedField>
    <DerivedField name="DietScore2C_cont" optype="continuous">
      <Apply function="-">
        <FieldRef field="DietScore2_cont"/>
        <MapValues outputColumn="Means">
          <FieldColumnPair column="Name" constant="DietScore2C_cont"/>
          <TableLocator location="taxonomy" name="means"/>
        </MapValues>
      </Apply>
    </DerivedField>
    <DerivedField name="PhysicalActivityC_cont" optype="continuous">
      <Apply function="-">
        <FieldRef field="PhysicalActivity_cont"/>
        <MapValues outputColumn="Means">
          <FieldColumnPair column="Name" constant="PhysicalActivityC_cont"/>
          <TableLocator location="taxonomy" name="means"/>
        </MapValues>
      </Apply>
    </DerivedField>
    <DerivedField name="BMIC_cont" optype="continuous">
      <Apply function="-">
        <FieldRef field="BMI_cont"/>
        <MapValues outputColumn="Means">
          <FieldColumnPair column="Name" constant="BMIC_cont"/>
          <TableLocator location="taxonomy" name="means"/>
        </MapValues>
      </Apply>
    </DerivedField>
    <DerivedField name="DepIndModC_cat" optype="continuous">
      <Apply function="-">
        <FieldRef field="DepIndMod_cat"/>
        <MapValues outputColumn="Means">
          <FieldColumnPair column="Name" constant="DepIndModC_cat"/>
          <TableLocator location="taxonomy" name="means"/>
        </MapValues>
      </Apply>
    </DerivedField>
    <DerivedField name="DepIndHighC_cat" optype="continuous">
      <Apply function="-">
        <FieldRef field="DepIndHigh_cat"/>
        <MapValues outputColumn="Means">
          <FieldColumnPair column="Name" constant="DepIndHighC_cat"/>
          <TableLocator location="taxonomy" name="means"/>
        </MapValues>
      </Apply>
    </DerivedField>
    <DerivedField name="EduHSGrad2C_cat" optype="continuous">
      <Apply function="-">
        <FieldRef field="EduHSGrad2_cat"/>
        <MapValues outputColumn="Means">
          <FieldColumnPair column="Name" constant="EduHSGrad2C_cat"/>
          <TableLocator location="taxonomy" name="means"/>
        </MapValues>
      </Apply>
    </DerivedField>
    <DerivedField name="EduSomePS2C_cat" optype="continuous">
      <Apply function="-">
        <FieldRef field="EduSomePS2_cat"/>
        <MapValues outputColumn="Means">
          <FieldColumnPair column="Name" constant="EduSomePS2C_cat"/>
          <TableLocator location="taxonomy" name="means"/>
        </MapValues>
      </Apply>
    </DerivedField>
    <DerivedField name="EduPSGrad2C_cat" optype="continuous">
      <Apply function="-">
        <FieldRef field="EduPSGrad2_cat"/>
        <MapValues outputColumn="Means">
          <FieldColumnPair column="Name" constant="EduPSGrad2C_cat"/>
          <TableLocator location="taxonomy" name="means"/>
        </MapValues>
      </Apply>
    </DerivedField>
    <DerivedField name="ActiveCancerC_cat" optype="continuous">
      <Apply function="-">
        <FieldRef field="ActiveCancer_cat"/>
        <MapValues outputColumn="Means">
          <FieldColumnPair column="Name" constant="ActiveCancerC_cat"/>
          <TableLocator location="taxonomy" name="means"/>
        </MapValues>
      </Apply>
    </DerivedField>
    <DerivedField name="DiabetesC_cat" optype="continuous">
      <Apply function="-">
        <FieldRef field="Diabetes_cat"/>
        <MapValues outputColumn="Means">
          <FieldColumnPair column="Name" constant="DiabetesC_cat"/>
          <TableLocator location="taxonomy" name="means"/>
        </MapValues>
      </Apply>
    </DerivedField>
    <DerivedField name="HeartDisC_cat" optype="continuous">
      <Apply function="-">
        <FieldRef field="HeartDis_cat"/>
        <MapValues outputColumn="Means">
          <FieldColumnPair column="Name" constant="HeartDisC_cat"/>
          <TableLocator location="taxonomy" name="means"/>
        </MapValues>
      </Apply>
    </DerivedField>
    <DerivedField name="StrokeC_cat" optype="continuous">
      <Apply function="-">
        <FieldRef field="Stroke_cat"/>
        <MapValues outputColumn="Means">
          <FieldColumnPair column="Name" constant="StrokeC_cat"/>
          <TableLocator location="taxonomy" name="means"/>
        </MapValues>
      </Apply>
    </DerivedField>
    <DerivedField name="HypertensionC_cat" optype="continuous">
      <Apply function="-">
        <FieldRef field="Hypertension_cat"/>
        <MapValues outputColumn="Means">
          <FieldColumnPair column="Name" constant="HypertensionC_cat"/>
          <TableLocator location="taxonomy" name="means"/>
        </MapValues>
      </Apply>
    </DerivedField>
    <DerivedField name="MoodC_cat" optype="continuous">
      <Apply function="-">
        <FieldRef field="Mood_cat"/>
        <MapValues outputColumn="Means">
          <FieldColumnPair column="Name" constant="MoodC_cat"/>
          <TableLocator location="taxonomy" name="means"/>
        </MapValues>
      </Apply>
    </DerivedField>
    <DerivedField name="DementiaC_cat" optype="continuous">
      <Apply function="-">
        <FieldRef field="Dementia_cat"/>
        <MapValues outputColumn="Means">
          <FieldColumnPair column="Name" constant="DementiaC_cat"/>
          <TableLocator location="taxonomy" name="means"/>
        </MapValues>
      </Apply>
    </DerivedField>
    <DerivedField name="COPDC_cat" optype="continuous">
      <Apply function="-">
        <FieldRef field="COPD_cat"/>
        <MapValues outputColumn="Means">
          <FieldColumnPair column="Name" constant="COPDC_cat"/>
          <TableLocator location="taxonomy" name="means"/>
        </MapValues>
      </Apply>
    </DerivedField>
    <DerivedField name="EpilepsyC_cat" optype="continuous">
      <Apply function="-">
        <FieldRef field="Epilepsy_cat"/>
        <MapValues outputColumn="Means">
          <FieldColumnPair column="Name" constant="EpilepsyC_cat"/>
          <TableLocator location="taxonomy" name="means"/>
        </MapValues>
      </Apply>
    </DerivedField>
    <DerivedField name="EthnBlackC_cat" optype="continuous">
      <Apply function="-">
        <FieldRef field="EthnBlack_cat"/>
        <MapValues outputColumn="Means">
          <FieldColumnPair column="Name" constant="EthnBlackC_cat"/>
          <TableLocator location="taxonomy" name="means"/>
        </MapValues>
      </Apply>
    </DerivedField>
    <DerivedField name="EthnChineseC_cat" optype="continuous">
      <Apply function="-">
        <FieldRef field="EthnChinese_cat"/>
        <MapValues outputColumn="Means">
          <FieldColumnPair column="Name" constant="EthnChineseC_cat"/>
          <TableLocator location="taxonomy" name="means"/>
        </MapValues>
      </Apply>
    </DerivedField>
    <DerivedField name="EthnOtherC_cat" optype="continuous">
      <Apply function="-">
        <FieldRef field="EthnOther_cat"/>
        <MapValues outputColumn="Means">
          <FieldColumnPair column="Name" constant="EthnOtherC_cat"/>
          <TableLocator location="taxonomy" name="means"/>
        </MapValues>
      </Apply>
    </DerivedField>
    <DerivedField name="EthnSAsianC_cat" optype="continuous">
      <Apply function="-">
        <FieldRef field="EthnSAsian_cat"/>
        <MapValues outputColumn="Means">
          <FieldColumnPair column="Name" constant="EthnSAsianC_cat"/>
          <TableLocator location="taxonomy" name="means"/>
        </MapValues>
      </Apply>
    </DerivedField>
    <DerivedField name="AgeCXSmokeCurrentC_int" optype="continuous">
      <Apply function="Interact.fun">
        <FieldRef field="AgeC_cont"/>
        <FieldRef field="SmokeCurrentC_cat"/>
      </Apply>
    </DerivedField>
    <DerivedField name="AgeCXSmokeFormer5PlusC_int" optype="continuous">
      <Apply function="Interact.fun">
        <FieldRef field="AgeC_cont"/>
        <FieldRef field="SmokeFormer5PlusC_cat"/>
      </Apply>
    </DerivedField>
    <DerivedField name="AgeCXSmokeFormer0to5C_int" optype="continuous">
      <Apply function="Interact.fun">
        <FieldRef field="AgeC_cont"/>
        <FieldRef field="SmokeFormer0to5C_cat"/>
      </Apply>
    </DerivedField>
    <DerivedField name="AgeCXPackYearsC_int" optype="continuous">
      <Apply function="Interact.fun">
        <FieldRef field="AgeC_cont"/>
        <FieldRef field="PackYearsC_cont"/>
      </Apply>
    </DerivedField>
    <DerivedField name="AgeCXFormerDrinkerC_int" optype="continuous">
      <Apply function="Interact.fun">
        <FieldRef field="AgeC_cont"/>
        <FieldRef field="FormerDrinkerC_cat"/>
      </Apply>
    </DerivedField>
    <DerivedField name="AgeCXDrinksLastWeekC_int" optype="continuous">
      <Apply function="Interact.fun">
        <FieldRef field="AgeC_cont"/>
        <FieldRef field="DrinksLastWeekC_cont"/>
      </Apply>
    </DerivedField>
    <DerivedField name="AgeCXDietScore2C_int" optype="continuous">
      <Apply function="Interact.fun">
        <FieldRef field="AgeC_cont"/>
        <FieldRef field="DietScore2C_cont"/>
      </Apply>
    </DerivedField>
    <DerivedField name="AgeCXDepIndHighC_int" optype="continuous">
      <Apply function="Interact.fun">
        <FieldRef field="AgeC_cont"/>
        <FieldRef field="DepIndHighC_cat"/>
      </Apply>
    </DerivedField>
    <DerivedField name="AgeCXDepIndModC_int" optype="continuous">
      <Apply function="Interact.fun">
        <FieldRef field="AgeC_cont"/>
        <FieldRef field="DepIndModC_cat"/>
      </Apply>
    </DerivedField>
    <DerivedField name="AgeCXEduHSGrad2C_int" optype="continuous">
      <Apply function="Interact.fun">
        <FieldRef field="AgeC_cont"/>
        <FieldRef field="EduHSGrad2C_cat"/>
      </Apply>
    </DerivedField>
    <DerivedField name="AgeCXEduNoHSGrad2C_int" optype="continuous">
      <Apply function="Interact.fun">
        <FieldRef field="AgeC_cont"/>
        <FieldRef field="EduNoHSGrad2C_cat"/>
      </Apply>
    </DerivedField>
    <DerivedField name="AgeCXEduSomePS2C_int" optype="continuous">
      <Apply function="Interact.fun">
        <FieldRef field="AgeC_cont"/>
        <FieldRef field="EduSomePS2C_cat"/>
      </Apply>
    </DerivedField>
    <DerivedField name="AgeCXPhysicalActivityC_int" optype="continuous">
      <Apply function="Interact.fun">
        <FieldRef field="AgeC_cont"/>
        <FieldRef field="PhysicalActivityC_cont"/>
      </Apply>
    </DerivedField>
    <DerivedField name="AgeCXBMIC_int" optype="continuous">
      <Apply function="Interact.fun">
        <FieldRef field="AgeC_cont"/>
        <FieldRef field="BMIC_cont"/>
      </Apply>
    </DerivedField>
    <DerivedField name="AgeCXDiabetesC_int" optype="continuous">
      <Apply function="Interact.fun">
        <FieldRef field="AgeC_cont"/>
        <FieldRef field="DiabetesC_cat"/>
      </Apply>
    </DerivedField>
    <DerivedField name="AgeCXHypertensionC_int" optype="continuous">
      <Apply function="Interact.fun">
        <FieldRef field="AgeC_cont"/>
        <FieldRef field="HypertensionC_cat"/>
      </Apply>
    </DerivedField>
    <DerivedField name="AgeCXCOPDC_int" optype="continuous">
      <Apply function="Interact.fun">
        <FieldRef field="AgeC_cont"/>
        <FieldRef field="COPDC_cat"/>
      </Apply>
    </DerivedField>
    <DerivedField name="AgeCXMoodC_int" optype="continuous">
      <Apply function="Interact.fun">
        <FieldRef field="AgeC_cont"/>
        <FieldRef field="MoodC_cat"/>
      </Apply>
    </DerivedField>
    <DerivedField name="AgeCXActiveCancerC_int" optype="continuous">
      <Apply function="Interact.fun">
        <FieldRef field="AgeC_cont"/>
        <FieldRef field="ActiveCancerC_cat"/>
      </Apply>
    </DerivedField>
    <DerivedField name="AgeCXDementiaC_int" optype="continuous">
      <Apply function="Interact.fun">
        <FieldRef field="AgeC_cont"/>
        <FieldRef field="DementiaC_cat"/>
      </Apply>
    </DerivedField>
    <DerivedField name="AgeCXHeartDisC_int" optype="continuous">
      <Apply function="Interact.fun">
        <FieldRef field="AgeC_cont"/>
        <FieldRef field="HeartDisC_cat"/>
      </Apply>
    </DerivedField>
    <DerivedField name="AgeCXStrokeC_int" optype="continuous">
      <Apply function="Interact.fun">
        <FieldRef field="AgeC_cont"/>
        <FieldRef field="StrokeC_cat"/>
      </Apply>
    </DerivedField>
    <DerivedField name="EduNoHSGrad2CXAgeC_int" optype="continuous">
      <Apply function="Interact.fun">
        <FieldRef field="EduNoHSGrad2C"/>
        <FieldRef field="AgeC_cont"/>
      </Apply>
    </DerivedField>
    <DerivedField name="AgeC_rcs1" optype="continuous">
      <FieldRef field="AgeC_cont"/>
    </DerivedField>
    <DerivedField name="PackYearsC_rcs1" optype="continuous">
      <FieldRef field="PackYearsC_cont"/>
    </DerivedField>
    <DerivedField name="DrinksLastWeekC_rcs1" optype="continuous">
      <FieldRef field="DrinksLastWeekC_cont"/>
    </DerivedField>
    <DerivedField name="DietScore2C_rcs1" optype="continuous">
      <FieldRef field="DietScore2C_cont"/>
    </DerivedField>
    <DerivedField name="PhysicalActivityC_rcs1" optype="continuous">
      <FieldRef field="PhysicalActivityC_cont"/>
    </DerivedField>
    <DerivedField name="BMIC_rcs1" optype="continuous">
      <FieldRef field="BMIC_cont"/>
    </DerivedField>
    <DefineFunction name="Interact1.fun">
      <ParameterField name="var1" dataType="double"/>
      <ParameterField name="var2" dataType="double"/>
      <Apply function="ifelse2">
        <Apply function="and">
          <Apply function="not">
            <Apply function="is.na">
              <FieldRef field="var1"/>
            </Apply>
          </Apply>
          <Apply function="not">
            <Apply function="is.na">
              <FieldRef field="var2"/>
            </Apply>
          </Apply>
        </Apply>
        <Apply function="*">
          <FieldRef field="var1"/>
          <FieldRef field="var2"/>
        </Apply>
        <Constant dataType="NA">NA</Constant>
      </Apply>
    </DefineFunction>
    <DefineFunction name="Interact.fun">
      <ParameterField name="var1" dataType="double"/>
      <ParameterField name="var2" dataType="double"/>
      <Apply function="ifelse2">
        <Apply function="and">
          <Apply function="not">
            <Apply function="is.na">
              <FieldRef field="var1"/>
            </Apply>
          </Apply>
          <Apply function="not">
            <Apply function="is.na">
              <FieldRef field="var2"/>
            </Apply>
          </Apply>
        </Apply>
        <Apply function="*">
          <FieldRef field="var1"/>
          <FieldRef field="var2"/>
        </Apply>
        <Constant dataType="NA">NA</Constant>
      </Apply>
    </DefineFunction>
  </LocalTransformations>
  <GeneralRegressionModel modelType="CoxRegression" modelName="MPoRTv2" baselineHazard="0.006213">
    <MiningSchema>
      <MiningField name="AgeC_rcs1" usageType="active"/>
      <MiningField name="AgeC_rcs2" usageType="active"/>
      <MiningField name="AgeC_rcs3" usageType="active"/>
      <MiningField name="AgeC_rcs4" usageType="active"/>
      <MiningField name="SmokeCurrentC_cat" usageType="active"/>
      <MiningField name="SmokeFormer0to5C_cat" usageType="active"/>
      <MiningField name="SmokeFormer5PlusC_cat" usageType="active"/>
      <MiningField name="PackYearsC_rcs1" usageType="active"/>
      <MiningField name="PackYearsC_rcs2" usageType="active"/>
      <MiningField name="FormerDrinkerC_cat" usageType="active"/>
      <MiningField name="DrinksLastWeekC_rcs1" usageType="active"/>
      <MiningField name="DrinksLastWeekC_rcs2" usageType="active"/>
      <MiningField name="DrinksLastWeekC_rcs3" usageType="active"/>
      <MiningField name="DietScore2C_rcs1" usageType="active"/>
      <MiningField name="DietScore2C_rcs2" usageType="active"/>
      <MiningField name="DepIndHighC_cat" usageType="active"/>
      <MiningField name="DepIndModC_cat" usageType="active"/>
      <MiningField name="EthnBlackC_cat" usageType="active"/>
      <MiningField name="EthnChineseC_cat" usageType="active"/>
      <MiningField name="EthnJapanC_cat" usageType="active"/>
      <MiningField name="EthnOtherC_cat" usageType="active"/>
      <MiningField name="EthnSAsianC_cat" usageType="active"/>
      <MiningField name="EduHSGrad2C_cat" usageType="active"/>
      <MiningField name="EduNoHSGrad2C_cat" usageType="active"/>
      <MiningField name="EduSomePS2C_cat" usageType="active"/>
      <MiningField name="PhysicalActivityC_rcs1" usageType="active"/>
      <MiningField name="PhysicalActivityC_rcs2" usageType="active"/>
      <MiningField name="BMIC_rcs1" usageType="active"/>
      <MiningField name="BMIC_rcs2" usageType="active"/>
      <MiningField name="DiabetesC_cat" usageType="active"/>
      <MiningField name="HypertensionC_cat" usageType="active"/>
      <MiningField name="COPDC_cat" usageType="active"/>
      <MiningField name="MoodC_cat" usageType="active"/>
      <MiningField name="ActiveCancerC_cat" usageType="active"/>
      <MiningField name="DementiaC_cat" usageType="active"/>
      <MiningField name="HeartDisC_cat" usageType="active"/>
      <MiningField name="StrokeC_cat" usageType="active"/>
      <MiningField name="AgeCXSmokeCurrentC_int" usageType="active"/>
      <MiningField name="AgeCXSmokeFormer0to5C_int" usageType="active"/>
      <MiningField name="AgeCXSmokeFormer5PlusC_int" usageType="active"/>
      <MiningField name="AgeCXPackYearsC_int" usageType="active"/>
      <MiningField name="AgeCXFormerDrinkerC_int" usageType="active"/>
      <MiningField name="AgeCXDrinksLastWeekC_int" usageType="active"/>
      <MiningField name="AgeCXDietScore2C_int" usageType="active"/>
      <MiningField name="AgeCXDepIndHighC_int" usageType="active"/>
      <MiningField name="AgeCXDepIndModC_int" usageType="active"/>
      <MiningField name="AgeCXEduHSGrad2C_int" usageType="active"/>
      <MiningField name="AgeCXEduNoHSGrad2C_int" usageType="active"/>
      <MiningField name="AgeCXEduSomePS2C_int" usageType="active"/>
      <MiningField name="AgeCXPhysicalActivityC_int" usageType="active"/>
      <MiningField name="AgeCXBMIC_int" usageType="active"/>
      <MiningField name="AgeCXDiabetesC_int" usageType="active"/>
      <MiningField name="AgeCXHypertensionC_int" usageType="active"/>
      <MiningField name="AgeCXCOPDC_int" usageType="active"/>
      <MiningField name="AgeCXMoodC_int" usageType="active"/>
      <MiningField name="AgeCXActiveCancerC_int" usageType="active"/>
      <MiningField name="AgeCXDementiaC_int" usageType="active"/>
      <MiningField name="AgeCXHeartDisC_int" usageType="active"/>
      <MiningField name="AgeCXStrokeC_int" usageType="active"/>
    </MiningSchema>
    <ParameterList>
      <Parameter name="p0" label="AgeC_rcs1"/>
      <Parameter name="p1" label="AgeC_rcs2"/>
      <Parameter name="p2" label="AgeC_rcs3"/>
      <Parameter name="p3" label="AgeC_rcs4"/>
      <Parameter name="p4" label="SmokeCurrentC_cat"/>
      <Parameter name="p5" label="SmokeFormer0to5C_cat"/>
      <Parameter name="p6" label="SmokeFormer5PlusC_cat"/>
      <Parameter name="p7" label="PackYearsC_rcs1"/>
      <Parameter name="p8" label="PackYearsC_rcs2"/>
      <Parameter name="p9" label="FormerDrinkerC_cat"/>
      <Parameter name="p10" label="DrinksLastWeekC_rcs1"/>
      <Parameter name="p11" label="DrinksLastWeekC_rcs2"/>
      <Parameter name="p12" label="DrinksLastWeekC_rcs3"/>
      <Parameter name="p13" label="DietScore2C_rcs1"/>
      <Parameter name="p14" label="DietScore2C_rcs2"/>
      <Parameter name="p15" label="DepIndHighC_cat"/>
      <Parameter name="p16" label="DepIndModC_cat"/>
      <Parameter name="p17" label="EthnBlackC_cat"/>
      <Parameter name="p18" label="EthnChineseC_cat"/>
      <Parameter name="p19" label="EthnJapanC_cat"/>
      <Parameter name="p20" label="EthnOtherC_cat"/>
      <Parameter name="p21" label="EthnSAsianC_cat"/>
      <Parameter name="p22" label="EduHSGrad2C_cat"/>
      <Parameter name="p23" label="EduNoHSGrad2C_cat"/>
      <Parameter name="p24" label="EduSomePS2C_cat"/>
      <Parameter name="p25" label="PhysicalActivityC_rcs1"/>
      <Parameter name="p26" label="PhysicalActivityC_rcs2"/>
      <Parameter name="p27" label="BMIC_rcs1"/>
      <Parameter name="p28" label="BMIC_rcs2"/>
      <Parameter name="p29" label="DiabetesC_cat"/>
      <Parameter name="p30" label="HypertensionC_cat"/>
      <Parameter name="p31" label="COPDC_cat"/>
      <Parameter name="p32" label="MoodC_cat"/>
      <Parameter name="p33" label="ActiveCancerC_cat"/>
      <Parameter name="p34" label="DementiaC_cat"/>
      <Parameter name="p35" label="HeartDisC_cat"/>
      <Parameter name="p36" label="StrokeC_cat"/>
      <Parameter name="p37" label="AgeCXSmokeCurrentC_int"/>
      <Parameter name="p38" label="AgeCXSmokeFormer0to5C_int"/>
      <Parameter name="p39" label="AgeCXSmokeFormer5PlusC_int"/>
      <Parameter name="p40" label="AgeCXPackYearsC_int"/>
      <Parameter name="p41" label="AgeCXFormerDrinkerC_int"/>
      <Parameter name="p42" label="AgeCXDrinksLastWeekC_int"/>
      <Parameter name="p43" label="AgeCXDietScore2C_int"/>
      <Parameter name="p44" label="AgeCXDepIndHighC_int"/>
      <Parameter name="p45" label="AgeCXDepIndModC_int"/>
      <Parameter name="p46" label="AgeCXEduHSGrad2C_int"/>
      <Parameter name="p47" label="AgeCXEduNoHSGrad2C_int"/>
      <Parameter name="p48" label="AgeCXEduSomePS2C_int"/>
      <Parameter name="p49" label="AgeCXPhysicalActivityC_int"/>
      <Parameter name="p50" label="AgeCXBMIC_int"/>
      <Parameter name="p51" label="AgeCXDiabetesC_int"/>
      <Parameter name="p52" label="AgeCXHypertensionC_int"/>
      <Parameter name="p53" label="AgeCXCOPDC_int"/>
      <Parameter name="p54" label="AgeCXMoodC_int"/>
      <Parameter name="p55" label="AgeCXActiveCancerC_int"/>
      <Parameter name="p56" label="AgeCXDementiaC_int"/>
      <Parameter name="p57" label="AgeCXHeartDisC_int"/>
      <Parameter name="p58" label="AgeCXStrokeC_int"/>
    </ParameterList>
    <CovariateList>
      <Predictor name="AgeC_rcs1"/>
      <Predictor name="AgeC_rcs2"/>
      <Predictor name="AgeC_rcs3"/>
      <Predictor name="AgeC_rcs4"/>
      <Predictor name="SmokeCurrentC_cat"/>
      <Predictor name="SmokeFormer0to5C_cat"/>
      <Predictor name="SmokeFormer5PlusC_cat"/>
      <Predictor name="PackYearsC_rcs1"/>
      <Predictor name="PackYearsC_rcs2"/>
      <Predictor name="FormerDrinkerC_cat"/>
      <Predictor name="DrinksLastWeekC_rcs1"/>
      <Predictor name="DrinksLastWeekC_rcs2"/>
      <Predictor name="DrinksLastWeekC_rcs3"/>
      <Predictor name="DietScore2C_rcs1"/>
      <Predictor name="DietScore2C_rcs2"/>
      <Predictor name="DepIndHighC_cat"/>
      <Predictor name="DepIndModC_cat"/>
      <Predictor name="EthnBlackC_cat"/>
      <Predictor name="EthnChineseC_cat"/>
      <Predictor name="EthnJapanC_cat"/>
      <Predictor name="EthnOtherC_cat"/>
      <Predictor name="EthnSAsianC_cat"/>
      <Predictor name="EduHSGrad2C_cat"/>
      <Predictor name="EduNoHSGrad2C_cat"/>
      <Predictor name="EduSomePS2C_cat"/>
      <Predictor name="PhysicalActivityC_rcs1"/>
      <Predictor name="PhysicalActivityC_rcs2"/>
      <Predictor name="BMIC_rcs1"/>
      <Predictor name="BMIC_rcs2"/>
      <Predictor name="DiabetesC_cat"/>
      <Predictor name="HypertensionC_cat"/>
      <Predictor name="COPDC_cat"/>
      <Predictor name="MoodC_cat"/>
      <Predictor name="ActiveCancerC_cat"/>
      <Predictor name="DementiaC_cat"/>
      <Predictor name="HeartDisC_cat"/>
      <Predictor name="StrokeC_cat"/>
      <Predictor name="AgeCXSmokeCurrentC_int"/>
      <Predictor name="AgeCXSmokeFormer0to5C_int"/>
      <Predictor name="AgeCXSmokeFormer5PlusC_int"/>
      <Predictor name="AgeCXPackYearsC_int"/>
      <Predictor name="AgeCXFormerDrinkerC_int"/>
      <Predictor name="AgeCXDrinksLastWeekC_int"/>
      <Predictor name="AgeCXDietScore2C_int"/>
      <Predictor name="AgeCXDepIndHighC_int"/>
      <Predictor name="AgeCXDepIndModC_int"/>
      <Predictor name="AgeCXEduHSGrad2C_int"/>
      <Predictor name="AgeCXEduNoHSGrad2C_int"/>
      <Predictor name="AgeCXEduSomePS2C_int"/>
      <Predictor name="AgeCXPhysicalActivityC_int"/>
      <Predictor name="AgeCXBMIC_int"/>
      <Predictor name="AgeCXDiabetesC_int"/>
      <Predictor name="AgeCXHypertensionC_int"/>
      <Predictor name="AgeCXCOPDC_int"/>
      <Predictor name="AgeCXMoodC_int"/>
      <Predictor name="AgeCXActiveCancerC_int"/>
      <Predictor name="AgeCXDementiaC_int"/>
      <Predictor name="AgeCXHeartDisC_int"/>
      <Predictor name="AgeCXStrokeC_int"/>
    </CovariateList>
    <ParamMatrix>
      <PCell parameterName="p0" df="1" beta="0.079617627"/>
      <PCell parameterName="p1" df="1" beta="-0.049273613"/>
      <PCell parameterName="p2" df="1" beta="0.210067145"/>
      <PCell parameterName="p3" df="1" beta="-0.274827306"/>
      <PCell parameterName="p4" df="1" beta="0.334379174"/>
      <PCell parameterName="p5" df="1" beta="0.183879678"/>
      <PCell parameterName="p6" df="1" beta="-0.100337027"/>
      <PCell parameterName="p7" df="1" beta="0.043378465"/>
      <PCell parameterName="p8" df="1" beta="-0.126628893"/>
      <PCell parameterName="p9" df="1" beta="0.181465872"/>
      <PCell parameterName="p10" df="1" beta="-0.194845986"/>
      <PCell parameterName="p11" df="1" beta="1.633939941"/>
      <PCell parameterName="p12" df="1" beta="-3.227887317"/>
      <PCell parameterName="p13" df="1" beta="-0.012019164"/>
      <PCell parameterName="p14" df="1" beta="-0.000435562"/>
      <PCell parameterName="p15" df="1" beta="0.206433498"/>
      <PCell parameterName="p16" df="1" beta="0.064476835"/>
      <PCell parameterName="p17" df="1" beta="-0.045195605"/>
      <PCell parameterName="p18" df="1" beta="-0.655011418"/>
      <PCell parameterName="p19" df="1" beta="-0.407040822"/>
      <PCell parameterName="p20" df="1" beta="-0.070025874"/>
      <PCell parameterName="p21" df="1" beta="-0.468552595"/>
      <PCell parameterName="p22" df="1" beta="0.045291195"/>
      <PCell parameterName="p23" df="1" beta="0.144770078"/>
      <PCell parameterName="p24" df="1" beta="0.011207365"/>
      <PCell parameterName="p25" df="1" beta="-0.270693903"/>
      <PCell parameterName="p26" df="1" beta="0.263940219"/>
      <PCell parameterName="p27" df="1" beta="-0.086045216"/>
      <PCell parameterName="p28" df="1" beta="0.099378799"/>
      <PCell parameterName="p29" df="1" beta="0.631359707"/>
      <PCell parameterName="p30" df="1" beta="0.137793481"/>
      <PCell parameterName="p31" df="1" beta="0.490330764"/>
      <PCell parameterName="p32" df="1" beta="0.133488535"/>
      <PCell parameterName="p33" df="1" beta="1.614413634"/>
      <PCell parameterName="p34" df="1" beta="1.325522394"/>
      <PCell parameterName="p35" df="1" beta="0.456030352"/>
      <PCell parameterName="p36" df="1" beta="0.571557898"/>
      <PCell parameterName="p37" df="1" beta="-0.00277481"/>
      <PCell parameterName="p38" df="1" beta="0.002499011"/>
      <PCell parameterName="p39" df="1" beta="0.002215083"/>
      <PCell parameterName="p40" df="1" beta="-0.000216421"/>
      <PCell parameterName="p41" df="1" beta="-0.00178976"/>
      <PCell parameterName="p42" df="1" beta="-0.000566729"/>
      <PCell parameterName="p43" df="1" beta="-0.000186826"/>
      <PCell parameterName="p44" df="1" beta="-0.00355352"/>
      <PCell parameterName="p45" df="1" beta="-0.000573484"/>
      <PCell parameterName="p46" df="1" beta="0.003231432"/>
      <PCell parameterName="p47" df="1" beta="-0.000192286"/>
      <PCell parameterName="p48" df="1" beta="0.003204902"/>
      <PCell parameterName="p49" df="1" beta="0.00015476"/>
      <PCell parameterName="p50" df="1" beta="-0.000248673"/>
      <PCell parameterName="p51" df="1" beta="-0.010527824"/>
      <PCell parameterName="p52" df="1" beta="-0.004194519"/>
      <PCell parameterName="p53" df="1" beta="-0.007505024"/>
      <PCell parameterName="p54" df="1" beta="-0.002606946"/>
      <PCell parameterName="p55" df="1" beta="-0.042052221"/>
      <PCell parameterName="p56" df="1" beta="-0.023233466"/>
      <PCell parameterName="p57" df="1" beta="-0.006567629"/>
      <PCell parameterName="p58" df="1" beta="-0.010440163"/>
    </ParamMatrix>
    <PPMatrix>
      <PPCell value="1" predictorName="AgeC_rcs1" parameterName="p0"/>
      <PPCell value="1" predictorName="AgeC_rcs2" parameterName="p1"/>
      <PPCell value="1" predictorName="AgeC_rcs3" parameterName="p2"/>
      <PPCell value="1" predictorName="AgeC_rcs4" parameterName="p3"/>
      <PPCell value="1" predictorName="SmokeCurrentC_cat" parameterName="p4"/>
      <PPCell value="1" predictorName="SmokeFormer0to5C_cat" parameterName="p5"/>
      <PPCell value="1" predictorName="SmokeFormer5PlusC_cat" parameterName="p6"/>
      <PPCell value="1" predictorName="PackYearsC_rcs1" parameterName="p7"/>
      <PPCell value="1" predictorName="PackYearsC_rcs2" parameterName="p8"/>
      <PPCell value="1" predictorName="FormerDrinkerC_cat" parameterName="p9"/>
      <PPCell value="1" predictorName="DrinksLastWeekC_rcs1" parameterName="p10"/>
      <PPCell value="1" predictorName="DrinksLastWeekC_rcs2" parameterName="p11"/>
      <PPCell value="1" predictorName="DrinksLastWeekC_rcs3" parameterName="p12"/>
      <PPCell value="1" predictorName="DietScore2C_rcs1" parameterName="p13"/>
      <PPCell value="1" predictorName="DietScore2C_rcs2" parameterName="p14"/>
      <PPCell value="1" predictorName="DepIndHighC_cat" parameterName="p15"/>
      <PPCell value="1" predictorName="DepIndModC_cat" parameterName="p16"/>
      <PPCell value="1" predictorName="EthnBlackC_cat" parameterName="p17"/>
      <PPCell value="1" predictorName="EthnChineseC_cat" parameterName="p18"/>
      <PPCell value="1" predictorName="EthnJapanC_cat" parameterName="p19"/>
      <PPCell value="1" predictorName="EthnOtherC_cat" parameterName="p20"/>
      <PPCell value="1" predictorName="EthnSAsianC_cat" parameterName="p21"/>
      <PPCell value="1" predictorName="EduHSGrad2C_cat" parameterName="p22"/>
      <PPCell value="1" predictorName="EduNoHSGrad2C_cat" parameterName="p23"/>
      <PPCell value="1" predictorName="EduSomePS2C_cat" parameterName="p24"/>
      <PPCell value="1" predictorName="PhysicalActivityC_rcs1" parameterName="p25"/>
      <PPCell value="1" predictorName="PhysicalActivityC_rcs2" parameterName="p26"/>
      <PPCell value="1" predictorName="BMIC_rcs1" parameterName="p27"/>
      <PPCell value="1" predictorName="BMIC_rcs2" parameterName="p28"/>
      <PPCell value="1" predictorName="DiabetesC_cat" parameterName="p29"/>
      <PPCell value="1" predictorName="HypertensionC_cat" parameterName="p30"/>
      <PPCell value="1" predictorName="COPDC_cat" parameterName="p31"/>
      <PPCell value="1" predictorName="MoodC_cat" parameterName="p32"/>
      <PPCell value="1" predictorName="ActiveCancerC_cat" parameterName="p33"/>
      <PPCell value="1" predictorName="DementiaC_cat" parameterName="p34"/>
      <PPCell value="1" predictorName="HeartDisC_cat" parameterName="p35"/>
      <PPCell value="1" predictorName="StrokeC_cat" parameterName="p36"/>
      <PPCell value="1" predictorName="AgeCXSmokeCurrentC_int" parameterName="p37"/>
      <PPCell value="1" predictorName="AgeCXSmokeFormer0to5C_int" parameterName="p38"/>
      <PPCell value="1" predictorName="AgeCXSmokeFormer5PlusC_int" parameterName="p39"/>
      <PPCell value="1" predictorName="AgeCXPackYearsC_int" parameterName="p40"/>
      <PPCell value="1" predictorName="AgeCXFormerDrinkerC_int" parameterName="p41"/>
      <PPCell value="1" predictorName="AgeCXDrinksLastWeekC_int" parameterName="p42"/>
      <PPCell value="1" predictorName="AgeCXDietScore2C_int" parameterName="p43"/>
      <PPCell value="1" predictorName="AgeCXDepIndHighC_int" parameterName="p44"/>
      <PPCell value="1" predictorName="AgeCXDepIndModC_int" parameterName="p45"/>
      <PPCell value="1" predictorName="AgeCXEduHSGrad2C_int" parameterName="p46"/>
      <PPCell value="1" predictorName="AgeCXEduNoHSGrad2C_int" parameterName="p47"/>
      <PPCell value="1" predictorName="AgeCXEduSomePS2C_int" parameterName="p48"/>
      <PPCell value="1" predictorName="AgeCXPhysicalActivityC_int" parameterName="p49"/>
      <PPCell value="1" predictorName="AgeCXBMIC_int" parameterName="p50"/>
      <PPCell value="1" predictorName="AgeCXDiabetesC_int" parameterName="p51"/>
      <PPCell value="1" predictorName="AgeCXHypertensionC_int" parameterName="p52"/>
      <PPCell value="1" predictorName="AgeCXCOPDC_int" parameterName="p53"/>
      <PPCell value="1" predictorName="AgeCXMoodC_int" parameterName="p54"/>
      <PPCell value="1" predictorName="AgeCXActiveCancerC_int" parameterName="p55"/>
      <PPCell value="1" predictorName="AgeCXDementiaC_int" parameterName="p56"/>
      <PPCell value="1" predictorName="AgeCXHeartDisC_int" parameterName="p57"/>
      <PPCell value="1" predictorName="AgeCXStrokeC_int" parameterName="p58"/>
    </PPMatrix>
  </GeneralRegressionModel>
  <CustomPMML>
    <RestrictedCubicSpline>
      <PCell parameterName="p1, p2, p3" knotLocations="-28.1712945, -14.1712945, -0.1712945, 12.8287055"/>
      <PCell parameterName="p8" knotLocations="-8.552258, -6.052258"/>
      <PCell parameterName="p11, p12" knotLocations="-2.1419706, -1.1419706, -0.1419706"/>
      <PCell parameterName="p14" knotLocations="-3.3821214, -0.2196557"/>
      <PCell parameterName="p26" knotLocations="-1.7600395, -0.1600395"/>
      <PCell parameterName="p28" knotLocations="-5.852673, -1.042673"/>
    </RestrictedCubicSpline>
  </CustomPMML>
</PMML>