[
  {
    "percentile": 1,
    "age": 20,
    "packyears_xc": 0.0,
    "METs": 0,
    "DrinksLastWeek": 0,
    "FruitVeg": 0.2,
    "Potato": 0,
    "Juice": 0,
    "BMI": 18.6,
    "timeincanada": 8.57,
    "SmokeCurrent_xc": 0.097,
    "SmokeFormer0to5_xc": 0.007,
    "SmokeFormer5Plus": 0.0,
    "percentinCanada": 2.7
  },
  {
    "percentile": 2,
    "age": 21,
    "packyears_xc": 0.0,
    "METs": 0,
    "DrinksLastWeek": 0,
    "FruitVeg": 0.3,
    "Potato": 0,
    "Juice": 0,
    "BMI": 19.5,
    "timeincanada": 15.15,
    "SmokeCurrent_xc": 0.3,
    "SmokeFormer0to5_xc": 0.007,
    "SmokeFormer5Plus": 0.0,
    "percentinCanada": 4.17
  },
  {
    "percentile": 3,
    "age": 22,
    "packyears_xc": 0.0,
    "METs": 0,
    "DrinksLastWeek": 0,
    "FruitVeg": 0.4,
    "Potato": 0,
    "Juice": 0,
    "BMI": 20.02,
    "timeincanada": 21.74,
    "SmokeCurrent_xc": 0.45,
    "SmokeFormer0to5_xc": 0.007,
    "SmokeFormer5Plus": 0.007,
    "percentinCanada": 5.88
  },
  {
    "percentile": 4,
    "age": 22,
    "packyears_xc": 0.0,
    "METs": 0,
    "DrinksLastWeek": 0,
    "FruitVeg": 0.6,
    "Potato": 0,
    "Juice": 0,
    "BMI": 20.4,
    "timeincanada": 28.26,
    "SmokeCurrent_xc": 0.65,
    "SmokeFormer0to5_xc": 0.007,
    "SmokeFormer5Plus": 0.007,
    "percentinCanada": 7.41
  },
  {
    "percentile": 5,
    "age": 23,
    "packyears_xc": 0.0,
    "METs": 0,
    "DrinksLastWeek": 0,
    "FruitVeg": 0.6,
    "Potato": 0,
    "Juice": 0,
    "BMI": 20.79,
    "timeincanada": 34.38,
    "SmokeCurrent_xc": 0.85,
    "SmokeFormer0to5_xc": 0.007,
    "SmokeFormer5Plus": 0.007,
    "percentinCanada": 8.77
  },
  {
    "percentile": 6,
    "age": 24,
    "packyears_xc": 0.0,
    "METs": 0,
    "DrinksLastWeek": 0,
    "FruitVeg": 0.7,
    "Potato": 0,
    "Juice": 0,
    "BMI": 21.07,
    "timeincanada": 40.35,
    "SmokeCurrent_xc": 1.025,
    "SmokeFormer0to5_xc": 0.007,
    "SmokeFormer5Plus": 0.007,
    "percentinCanada": 10.26
  },
  {
    "percentile": 7,
    "age": 25,
    "packyears_xc": 0.0,
    "METs": 0,
    "DrinksLastWeek": 0,
    "FruitVeg": 0.8,
    "Potato": 0,
    "Juice": 0,
    "BMI": 21.3,
    "timeincanada": 46.15,
    "SmokeCurrent_xc": 1.25,
    "SmokeFormer0to5_xc": 0.007,
    "SmokeFormer5Plus": 0.007,
    "percentinCanada": 11.76
  },
  {
    "percentile": 8,
    "age": 25,
    "packyears_xc": 0.0,
    "METs": 0,
    "DrinksLastWeek": 0,
    "FruitVeg": 0.9,
    "Potato": 0.1,
    "Juice": 0,
    "BMI": 21.5,
    "timeincanada": 50.7,
    "SmokeCurrent_xc": 1.5,
    "SmokeFormer0to5_xc": 0.007,
    "SmokeFormer5Plus": 0.007,
    "percentinCanada": 13.04
  },
  {
    "percentile": 9,
    "age": 26,
    "packyears_xc": 0.0,
    "METs": 0.1,
    "DrinksLastWeek": 0,
    "FruitVeg": 1,
    "Potato": 0.1,
    "Juice": 0,
    "BMI": 21.7,
    "timeincanada": 54.39,
    "SmokeCurrent_xc": 1.75,
    "SmokeFormer0to5_xc": 0.007,
    "SmokeFormer5Plus": 0.007,
    "percentinCanada": 14.29
  },
  {
    "percentile": 10,
    "age": 27,
    "packyears_xc": 0.0,
    "METs": 0.1,
    "DrinksLastWeek": 0,
    "FruitVeg": 1,
    "Potato": 0.1,
    "Juice": 0,
    "BMI": 21.97,
    "timeincanada": 57.83,
    "SmokeCurrent_xc": 2.0,
    "SmokeFormer0to5_xc": 0.007,
    "SmokeFormer5Plus": 0.007,
    "percentinCanada": 15.63
  },
  {
    "percentile": 11,
    "age": 27,
    "packyears_xc": 0.0,
    "METs": 0.1,
    "DrinksLastWeek": 0,
    "FruitVeg": 1.1,
    "Potato": 0.1,
    "Juice": 0,
    "BMI": 22.1,
    "timeincanada": 60.78,
    "SmokeCurrent_xc": 2.35,
    "SmokeFormer0to5_xc": 0.007,
    "SmokeFormer5Plus": 0.007,
    "percentinCanada": 17.14
  },
  {
    "percentile": 12,
    "age": 28,
    "packyears_xc": 0.0,
    "METs": 0.2,
    "DrinksLastWeek": 0,
    "FruitVeg": 1.1,
    "Potato": 0.1,
    "Juice": 0.1,
    "BMI": 22.2,
    "timeincanada": 63.64,
    "SmokeCurrent_xc": 2.525,
    "SmokeFormer0to5_xc": 0.007,
    "SmokeFormer5Plus": 0.007,
    "percentinCanada": 18.18
  },
  {
    "percentile": 13,
    "age": 29,
    "packyears_xc": 0.0,
    "METs": 0.2,
    "DrinksLastWeek": 0,
    "FruitVeg": 1.2,
    "Potato": 0.1,
    "Juice": 0.1,
    "BMI": 22.43,
    "timeincanada": 66.18,
    "SmokeCurrent_xc": 3.0,
    "SmokeFormer0to5_xc": 0.007,
    "SmokeFormer5Plus": 0.007,
    "percentinCanada": 19.64
  },
  {
    "percentile": 14,
    "age": 29,
    "packyears_xc": 0.0,
    "METs": 0.2,
    "DrinksLastWeek": 0,
    "FruitVeg": 1.2,
    "Potato": 0.1,
    "Juice": 0.1,
    "BMI": 22.63,
    "timeincanada": 69.05,
    "SmokeCurrent_xc": 3.15,
    "SmokeFormer0to5_xc": 0.007,
    "SmokeFormer5Plus": 0.007,
    "percentinCanada": 21.05
  },
  {
    "percentile": 15,
    "age": 30,
    "packyears_xc": 0.0,
    "METs": 0.3,
    "DrinksLastWeek": 0,
    "FruitVeg": 1.3,
    "Potato": 0.1,
    "Juice": 0.1,
    "BMI": 22.78,
    "timeincanada": 72.06,
    "SmokeCurrent_xc": 3.5,
    "SmokeFormer0to5_xc": 0.007,
    "SmokeFormer5Plus": 0.007,
    "percentinCanada": 22.58
  },
  {
    "percentile": 16,
    "age": 30,
    "packyears_xc": 0.0,
    "METs": 0.3,
    "DrinksLastWeek": 0,
    "FruitVeg": 1.3,
    "Potato": 0.1,
    "Juice": 0.1,
    "BMI": 22.84,
    "timeincanada": 76.47,
    "SmokeCurrent_xc": 3.75,
    "SmokeFormer0to5_xc": 0.007,
    "SmokeFormer5Plus": 0.007,
    "percentinCanada": 23.91
  },
  {
    "percentile": 17,
    "age": 31,
    "packyears_xc": 0.0,
    "METs": 0.3,
    "DrinksLastWeek": 0,
    "FruitVeg": 1.4,
    "Potato": 0.1,
    "Juice": 0.1,
    "BMI": 22.9,
    "timeincanada": 82.46,
    "SmokeCurrent_xc": 4.0,
    "SmokeFormer0to5_xc": 0.007,
    "SmokeFormer5Plus": 0.007,
    "percentinCanada": 25.32
  },
  {
    "percentile": 18,
    "age": 32,
    "packyears_xc": 0.0,
    "METs": 0.4,
    "DrinksLastWeek": 0,
    "FruitVeg": 1.4,
    "Potato": 0.1,
    "Juice": 0.1,
    "BMI": 23.11,
    "timeincanada": 88.0,
    "SmokeCurrent_xc": 4.5,
    "SmokeFormer0to5_xc": 0.007,
    "SmokeFormer5Plus": 0.007,
    "percentinCanada": 26.51
  },
  {
    "percentile": 19,
    "age": 32,
    "packyears_xc": 0.0,
    "METs": 0.4,
    "DrinksLastWeek": 0,
    "FruitVeg": 1.5,
    "Potato": 0.1,
    "Juice": 0.1,
    "BMI": 23.3,
    "timeincanada": 93.1,
    "SmokeCurrent_xc": 4.8,
    "SmokeFormer0to5_xc": 0.007,
    "SmokeFormer5Plus": 0.007,
    "percentinCanada": 27.78
  },
  {
    "percentile": 20,
    "age": 33,
    "packyears_xc": 0.0,
    "METs": 0.4,
    "DrinksLastWeek": 0,
    "FruitVeg": 1.5,
    "Potato": 0.1,
    "Juice": 0.1,
    "BMI": 23.4,
    "timeincanada": 97.73,
    "SmokeCurrent_xc": 5.0,
    "SmokeFormer0to5_xc": 0.007,
    "SmokeFormer5Plus": 0.007,
    "percentinCanada": 28.95
  },
  {
    "percentile": 21,
    "age": 33,
    "packyears_xc": 0.0,
    "METs": 0.5,
    "DrinksLastWeek": 0,
    "FruitVeg": 1.5,
    "Potato": 0.1,
    "Juice": 0.1,
    "BMI": 23.49,
    "timeincanada": 100.0,
    "SmokeCurrent_xc": 5.25,
    "SmokeFormer0to5_xc": 0.007,
    "SmokeFormer5Plus": 0.007,
    "percentinCanada": 30.19
  },
  {
    "percentile": 22,
    "age": 34,
    "packyears_xc": 0.0,
    "METs": 0.5,
    "DrinksLastWeek": 0,
    "FruitVeg": 1.6,
    "Potato": 0.1,
    "Juice": 0.1,
    "BMI": 23.53,
    "timeincanada": 100.0,
    "SmokeCurrent_xc": 5.7,
    "SmokeFormer0to5_xc": 0.007,
    "SmokeFormer5Plus": 0.007,
    "percentinCanada": 31.82
  },
  {
    "percentile": 23,
    "age": 34,
    "packyears_xc": 0.0,
    "METs": 0.5,
    "DrinksLastWeek": 0,
    "FruitVeg": 1.6,
    "Potato": 0.1,
    "Juice": 0.1,
    "BMI": 23.56,
    "timeincanada": 100.0,
    "SmokeCurrent_xc": 6.0,
    "SmokeFormer0to5_xc": 0.014,
    "SmokeFormer5Plus": 0.007,
    "percentinCanada": 33.33
  },
  {
    "percentile": 24,
    "age": 35,
    "packyears_xc": 0.0,
    "METs": 0.6,
    "DrinksLastWeek": 0,
    "FruitVeg": 1.7,
    "Potato": 0.1,
    "Juice": 0.3,
    "BMI": 23.81,
    "timeincanada": 100.0,
    "SmokeCurrent_xc": 6.4,
    "SmokeFormer0to5_xc": 0.014,
    "SmokeFormer5Plus": 0.007,
    "percentinCanada": 34.21
  },
  {
    "percentile": 25,
    "age": 35,
    "packyears_xc": 0.0,
    "METs": 0.6,
    "DrinksLastWeek": 0,
    "FruitVeg": 1.7,
    "Potato": 0.1,
    "Juice": 0.3,
    "BMI": 24.02,
    "timeincanada": 100.0,
    "SmokeCurrent_xc": 6.75,
    "SmokeFormer0to5_xc": 0.014,
    "SmokeFormer5Plus": 0.007,
    "percentinCanada": 35.29
  },
  {
    "percentile": 26,
    "age": 36,
    "packyears_xc": 0.0,
    "METs": 0.6,
    "DrinksLastWeek": 0,
    "FruitVeg": 1.7,
    "Potato": 0.1,
    "Juice": 0.3,
    "BMI": 24.1,
    "timeincanada": 100.0,
    "SmokeCurrent_xc": 7.0,
    "SmokeFormer0to5_xc": 0.014,
    "SmokeFormer5Plus": 0.007,
    "percentinCanada": 36.62
  },
  {
    "percentile": 27,
    "age": 36,
    "packyears_xc": 0.007,
    "METs": 0.7,
    "DrinksLastWeek": 0,
    "FruitVeg": 1.8,
    "Potato": 0.1,
    "Juice": 0.3,
    "BMI": 24.16,
    "timeincanada": 100.0,
    "SmokeCurrent_xc": 7.5,
    "SmokeFormer0to5_xc": 0.014,
    "SmokeFormer5Plus": 0.007,
    "percentinCanada": 38.0
  },
  {
    "percentile": 28,
    "age": 36,
    "packyears_xc": 0.007,
    "METs": 0.7,
    "DrinksLastWeek": 0,
    "FruitVeg": 1.8,
    "Potato": 0.1,
    "Juice": 0.3,
    "BMI": 24.2,
    "timeincanada": 100.0,
    "SmokeCurrent_xc": 7.8,
    "SmokeFormer0to5_xc": 0.1,
    "SmokeFormer5Plus": 0.007,
    "percentinCanada": 39.13
  },
  {
    "percentile": 29,
    "age": 37,
    "packyears_xc": 0.007,
    "METs": 0.8,
    "DrinksLastWeek": 0,
    "FruitVeg": 1.8,
    "Potato": 0.1,
    "Juice": 0.3,
    "BMI": 24.2,
    "timeincanada": 100.0,
    "SmokeCurrent_xc": 8.2,
    "SmokeFormer0to5_xc": 0.5,
    "SmokeFormer5Plus": 0.007,
    "percentinCanada": 40.24
  },
  {
    "percentile": 30,
    "age": 37,
    "packyears_xc": 0.007,
    "METs": 0.8,
    "DrinksLastWeek": 0,
    "FruitVeg": 1.9,
    "Potato": 0.1,
    "Juice": 0.3,
    "BMI": 24.22,
    "timeincanada": 100.0,
    "SmokeCurrent_xc": 8.5,
    "SmokeFormer0to5_xc": 0.975,
    "SmokeFormer5Plus": 0.007,
    "percentinCanada": 41.67
  },
  {
    "percentile": 31,
    "age": 38,
    "packyears_xc": 0.007,
    "METs": 0.8,
    "DrinksLastWeek": 0,
    "FruitVeg": 1.9,
    "Potato": 0.1,
    "Juice": 0.3,
    "BMI": 24.48,
    "timeincanada": 100.0,
    "SmokeCurrent_xc": 9.0,
    "SmokeFormer0to5_xc": 1.25,
    "SmokeFormer5Plus": 0.007,
    "percentinCanada": 42.86
  },
  {
    "percentile": 32,
    "age": 38,
    "packyears_xc": 0.007,
    "METs": 0.9,
    "DrinksLastWeek": 0,
    "FruitVeg": 2,
    "Potato": 0.3,
    "Juice": 0.4,
    "BMI": 24.67,
    "timeincanada": 100.0,
    "SmokeCurrent_xc": 9.45,
    "SmokeFormer0to5_xc": 1.75,
    "SmokeFormer5Plus": 0.007,
    "percentinCanada": 43.96
  },
  {
    "percentile": 33,
    "age": 39,
    "packyears_xc": 0.007,
    "METs": 0.9,
    "DrinksLastWeek": 0,
    "FruitVeg": 2,
    "Potato": 0.3,
    "Juice": 0.4,
    "BMI": 24.83,
    "timeincanada": 100.0,
    "SmokeCurrent_xc": 9.8,
    "SmokeFormer0to5_xc": 2.025,
    "SmokeFormer5Plus": 0.014,
    "percentinCanada": 45.1
  },
  {
    "percentile": 34,
    "age": 39,
    "packyears_xc": 0.007,
    "METs": 0.9,
    "DrinksLastWeek": 0,
    "FruitVeg": 2.1,
    "Potato": 0.3,
    "Juice": 0.4,
    "BMI": 24.89,
    "timeincanada": 100.0,
    "SmokeCurrent_xc": 10.2,
    "SmokeFormer0to5_xc": 2.5,
    "SmokeFormer5Plus": 0.014,
    "percentinCanada": 46.15
  },
  {
    "percentile": 35,
    "age": 40,
    "packyears_xc": 0.007,
    "METs": 1,
    "DrinksLastWeek": 0,
    "FruitVeg": 2.1,
    "Potato": 0.3,
    "Juice": 0.4,
    "BMI": 24.89,
    "timeincanada": 100.0,
    "SmokeCurrent_xc": 10.6,
    "SmokeFormer0to5_xc": 2.975,
    "SmokeFormer5Plus": 0.014,
    "percentinCanada": 47.22
  },
  {
    "percentile": 36,
    "age": 40,
    "packyears_xc": 0.007,
    "METs": 1,
    "DrinksLastWeek": 0,
    "FruitVeg": 2.1,
    "Potato": 0.3,
    "Juice": 0.4,
    "BMI": 24.9,
    "timeincanada": 100.0,
    "SmokeCurrent_xc": 11.0,
    "SmokeFormer0to5_xc": 3.338,
    "SmokeFormer5Plus": 0.014,
    "percentinCanada": 48.19
  },
  {
    "percentile": 37,
    "age": 40,
    "packyears_xc": 0.007,
    "METs": 1.1,
    "DrinksLastWeek": 0,
    "FruitVeg": 2.1,
    "Potato": 0.3,
    "Juice": 0.4,
    "BMI": 24.91,
    "timeincanada": 100.0,
    "SmokeCurrent_xc": 11.4,
    "SmokeFormer0to5_xc": 3.75,
    "SmokeFormer5Plus": 0.014,
    "percentinCanada": 49.06
  },
  {
    "percentile": 38,
    "age": 41,
    "packyears_xc": 0.007,
    "METs": 1.1,
    "DrinksLastWeek": 1,
    "FruitVeg": 2.2,
    "Potato": 0.3,
    "Juice": 0.4,
    "BMI": 24.92,
    "timeincanada": 100.0,
    "SmokeCurrent_xc": 11.95,
    "SmokeFormer0to5_xc": 4.25,
    "SmokeFormer5Plus": 0.014,
    "percentinCanada": 50.0
  },
  {
    "percentile": 39,
    "age": 41,
    "packyears_xc": 0.007,
    "METs": 1.1,
    "DrinksLastWeek": 1,
    "FruitVeg": 2.2,
    "Potato": 0.3,
    "Juice": 0.4,
    "BMI": 25.2,
    "timeincanada": 100.0,
    "SmokeCurrent_xc": 12.0,
    "SmokeFormer0to5_xc": 4.65,
    "SmokeFormer5Plus": 0.014,
    "percentinCanada": 50.79
  },
  {
    "percentile": 40,
    "age": 42,
    "packyears_xc": 0.014,
    "METs": 1.2,
    "DrinksLastWeek": 1,
    "FruitVeg": 2.3,
    "Potato": 0.3,
    "Juice": 0.4,
    "BMI": 25.35,
    "timeincanada": 100.0,
    "SmokeCurrent_xc": 12.5,
    "SmokeFormer0to5_xc": 5.0,
    "SmokeFormer5Plus": 0.014,
    "percentinCanada": 51.79
  },
  {
    "percentile": 41,
    "age": 42,
    "packyears_xc": 0.014,
    "METs": 1.2,
    "DrinksLastWeek": 1,
    "FruitVeg": 2.3,
    "Potato": 0.3,
    "Juice": 0.4,
    "BMI": 25.5,
    "timeincanada": 100.0,
    "SmokeCurrent_xc": 13.0,
    "SmokeFormer0to5_xc": 5.4,
    "SmokeFormer5Plus": 0.15,
    "percentinCanada": 52.46
  },
  {
    "percentile": 42,
    "age": 43,
    "packyears_xc": 0.014,
    "METs": 1.2,
    "DrinksLastWeek": 1,
    "FruitVeg": 2.4,
    "Potato": 0.3,
    "Juice": 0.6,
    "BMI": 25.6,
    "timeincanada": 100.0,
    "SmokeCurrent_xc": 13.5,
    "SmokeFormer0to5_xc": 5.95,
    "SmokeFormer5Plus": 0.6,
    "percentinCanada": 53.19
  },
  {
    "percentile": 43,
    "age": 43,
    "packyears_xc": 0.014,
    "METs": 1.3,
    "DrinksLastWeek": 1,
    "FruitVeg": 2.4,
    "Potato": 0.3,
    "Juice": 0.6,
    "BMI": 25.6,
    "timeincanada": 100.0,
    "SmokeCurrent_xc": 13.875,
    "SmokeFormer0to5_xc": 6.375,
    "SmokeFormer5Plus": 1.05,
    "percentinCanada": 53.97
  },
  {
    "percentile": 44,
    "age": 43,
    "packyears_xc": 0.3,
    "METs": 1.3,
    "DrinksLastWeek": 1,
    "FruitVeg": 2.4,
    "Potato": 0.3,
    "Juice": 0.6,
    "BMI": 25.62,
    "timeincanada": 100.0,
    "SmokeCurrent_xc": 14.3,
    "SmokeFormer0to5_xc": 6.775,
    "SmokeFormer5Plus": 1.5,
    "percentinCanada": 54.69
  },
  {
    "percentile": 45,
    "age": 44,
    "packyears_xc": 0.733,
    "METs": 1.3,
    "DrinksLastWeek": 2,
    "FruitVeg": 2.4,
    "Potato": 0.3,
    "Juice": 0.7,
    "BMI": 25.63,
    "timeincanada": 100.0,
    "SmokeCurrent_xc": 15.0,
    "SmokeFormer0to5_xc": 7.35,
    "SmokeFormer5Plus": 2.0,
    "percentinCanada": 55.26
  },
  {
    "percentile": 46,
    "age": 44,
    "packyears_xc": 1.15,
    "METs": 1.4,
    "DrinksLastWeek": 2,
    "FruitVeg": 2.5,
    "Potato": 0.3,
    "Juice": 0.9,
    "BMI": 25.65,
    "timeincanada": 100.0,
    "SmokeCurrent_xc": 15.0,
    "SmokeFormer0to5_xc": 7.75,
    "SmokeFormer5Plus": 2.5,
    "percentinCanada": 56.06
  },
  {
    "percentile": 47,
    "age": 45,
    "packyears_xc": 1.5,
    "METs": 1.4,
    "DrinksLastWeek": 2,
    "FruitVeg": 2.5,
    "Potato": 0.3,
    "Juice": 1,
    "BMI": 25.9,
    "timeincanada": 100.0,
    "SmokeCurrent_xc": 15.75,
    "SmokeFormer0to5_xc": 8.125,
    "SmokeFormer5Plus": 3.0,
    "percentinCanada": 56.82
  },
  {
    "percentile": 48,
    "age": 45,
    "packyears_xc": 2.0,
    "METs": 1.5,
    "DrinksLastWeek": 2,
    "FruitVeg": 2.5,
    "Potato": 0.3,
    "Juice": 1,
    "BMI": 26.07,
    "timeincanada": 100.0,
    "SmokeCurrent_xc": 16.208,
    "SmokeFormer0to5_xc": 8.75,
    "SmokeFormer5Plus": 3.5,
    "percentinCanada": 57.53
  },
  {
    "percentile": 49,
    "age": 46,
    "packyears_xc": 2.5,
    "METs": 1.5,
    "DrinksLastWeek": 2,
    "FruitVeg": 2.6,
    "Potato": 0.3,
    "Juice": 1,
    "BMI": 26.2,
    "timeincanada": 100.0,
    "SmokeCurrent_xc": 16.8,
    "SmokeFormer0to5_xc": 9.375,
    "SmokeFormer5Plus": 4.0,
    "percentinCanada": 58.21
  },
  {
    "percentile": 50,
    "age": 46,
    "packyears_xc": 3.0,
    "METs": 1.6,
    "DrinksLastWeek": 2,
    "FruitVeg": 2.6,
    "Potato": 0.3,
    "Juice": 1,
    "BMI": 26.3,
    "timeincanada": 100.0,
    "SmokeCurrent_xc": 17.2,
    "SmokeFormer0to5_xc": 10.0,
    "SmokeFormer5Plus": 4.5,
    "percentinCanada": 58.82
  },
  {
    "percentile": 51,
    "age": 47,
    "packyears_xc": 3.6,
    "METs": 1.6,
    "DrinksLastWeek": 2,
    "FruitVeg": 2.7,
    "Potato": 0.3,
    "Juice": 1,
    "BMI": 26.33,
    "timeincanada": 100.0,
    "SmokeCurrent_xc": 17.6,
    "SmokeFormer0to5_xc": 10.625,
    "SmokeFormer5Plus": 5.0,
    "percentinCanada": 59.38
  },
  {
    "percentile": 52,
    "age": 47,
    "packyears_xc": 4.0,
    "METs": 1.7,
    "DrinksLastWeek": 3,
    "FruitVeg": 2.7,
    "Potato": 0.4,
    "Juice": 1,
    "BMI": 26.37,
    "timeincanada": 100.0,
    "SmokeCurrent_xc": 18.0,
    "SmokeFormer0to5_xc": 11.1,
    "SmokeFormer5Plus": 5.5,
    "percentinCanada": 60.0
  },
  {
    "percentile": 53,
    "age": 48,
    "packyears_xc": 4.75,
    "METs": 1.7,
    "DrinksLastWeek": 3,
    "FruitVeg": 2.7,
    "Potato": 0.4,
    "Juice": 1,
    "BMI": 26.4,
    "timeincanada": 100.0,
    "SmokeCurrent_xc": 18.75,
    "SmokeFormer0to5_xc": 11.875,
    "SmokeFormer5Plus": 6.0,
    "percentinCanada": 60.61
  },
  {
    "percentile": 54,
    "age": 48,
    "packyears_xc": 5.2,
    "METs": 1.8,
    "DrinksLastWeek": 3,
    "FruitVeg": 2.8,
    "Potato": 0.4,
    "Juice": 1,
    "BMI": 26.45,
    "timeincanada": 100.0,
    "SmokeCurrent_xc": 19.0,
    "SmokeFormer0to5_xc": 12.5,
    "SmokeFormer5Plus": 6.5,
    "percentinCanada": 61.11
  },
  {
    "percentile": 55,
    "age": 49,
    "packyears_xc": 5.875,
    "METs": 1.8,
    "DrinksLastWeek": 3,
    "FruitVeg": 2.8,
    "Potato": 0.4,
    "Juice": 1,
    "BMI": 26.7,
    "timeincanada": 100.0,
    "SmokeCurrent_xc": 19.6,
    "SmokeFormer0to5_xc": 13.125,
    "SmokeFormer5Plus": 7.0,
    "percentinCanada": 61.73
  },
  {
    "percentile": 56,
    "age": 50,
    "packyears_xc": 6.333,
    "METs": 1.9,
    "DrinksLastWeek": 3,
    "FruitVeg": 2.9,
    "Potato": 0.4,
    "Juice": 1,
    "BMI": 26.89,
    "timeincanada": 100.0,
    "SmokeCurrent_xc": 20.0,
    "SmokeFormer0to5_xc": 13.75,
    "SmokeFormer5Plus": 7.5,
    "percentinCanada": 62.32
  },
  {
    "percentile": 57,
    "age": 50,
    "packyears_xc": 7.0,
    "METs": 2,
    "DrinksLastWeek": 4,
    "FruitVeg": 2.9,
    "Potato": 0.4,
    "Juice": 1,
    "BMI": 26.94,
    "timeincanada": 100.0,
    "SmokeCurrent_xc": 21.0,
    "SmokeFormer0to5_xc": 14.375,
    "SmokeFormer5Plus": 8.25,
    "percentinCanada": 62.86
  },
  {
    "percentile": 58,
    "age": 51,
    "packyears_xc": 7.5,
    "METs": 2,
    "DrinksLastWeek": 4,
    "FruitVeg": 3,
    "Potato": 0.4,
    "Juice": 1,
    "BMI": 27.05,
    "timeincanada": 100.0,
    "SmokeCurrent_xc": 21.25,
    "SmokeFormer0to5_xc": 15.0,
    "SmokeFormer5Plus": 9.0,
    "percentinCanada": 63.49
  },
  {
    "percentile": 59,
    "age": 51,
    "packyears_xc": 8.125,
    "METs": 2.1,
    "DrinksLastWeek": 4,
    "FruitVeg": 3,
    "Potato": 0.4,
    "Juice": 1,
    "BMI": 27.09,
    "timeincanada": 100.0,
    "SmokeCurrent_xc": 22.0,
    "SmokeFormer0to5_xc": 15.75,
    "SmokeFormer5Plus": 9.5,
    "percentinCanada": 64.0
  },
  {
    "percentile": 60,
    "age": 52,
    "packyears_xc": 9.0,
    "METs": 2.1,
    "DrinksLastWeek": 4,
    "FruitVeg": 3.1,
    "Potato": 0.4,
    "Juice": 1,
    "BMI": 27.19,
    "timeincanada": 100.0,
    "SmokeCurrent_xc": 22.5,
    "SmokeFormer0to5_xc": 16.5,
    "SmokeFormer5Plus": 10.0,
    "percentinCanada": 64.62
  },
  {
    "percentile": 61,
    "age": 52,
    "packyears_xc": 9.6,
    "METs": 2.2,
    "DrinksLastWeek": 4,
    "FruitVeg": 3.1,
    "Potato": 0.4,
    "Juice": 1,
    "BMI": 27.23,
    "timeincanada": 100.0,
    "SmokeCurrent_xc": 23.0,
    "SmokeFormer0to5_xc": 17.25,
    "SmokeFormer5Plus": 10.5,
    "percentinCanada": 65.15
  },
  {
    "percentile": 62,
    "age": 53,
    "packyears_xc": 10.15,
    "METs": 2.2,
    "DrinksLastWeek": 5,
    "FruitVeg": 3.1,
    "Potato": 0.4,
    "Juice": 1,
    "BMI": 27.4,
    "timeincanada": 100.0,
    "SmokeCurrent_xc": 23.75,
    "SmokeFormer0to5_xc": 18.125,
    "SmokeFormer5Plus": 11.25,
    "percentinCanada": 65.71
  },
  {
    "percentile": 63,
    "age": 53,
    "packyears_xc": 11.0,
    "METs": 2.3,
    "DrinksLastWeek": 5,
    "FruitVeg": 3.2,
    "Potato": 0.4,
    "Juice": 1,
    "BMI": 27.58,
    "timeincanada": 100.0,
    "SmokeCurrent_xc": 24.05,
    "SmokeFormer0to5_xc": 18.75,
    "SmokeFormer5Plus": 12.0,
    "percentinCanada": 66.2
  },
  {
    "percentile": 64,
    "age": 54,
    "packyears_xc": 11.5,
    "METs": 2.3,
    "DrinksLastWeek": 5,
    "FruitVeg": 3.3,
    "Potato": 0.4,
    "Juice": 1,
    "BMI": 27.69,
    "timeincanada": 100.0,
    "SmokeCurrent_xc": 25.0,
    "SmokeFormer0to5_xc": 19.7,
    "SmokeFormer5Plus": 12.5,
    "percentinCanada": 66.67
  },
  {
    "percentile": 65,
    "age": 54,
    "packyears_xc": 12.25,
    "METs": 2.4,
    "DrinksLastWeek": 6,
    "FruitVeg": 3.3,
    "Potato": 0.4,
    "Juice": 1,
    "BMI": 27.76,
    "timeincanada": 100.0,
    "SmokeCurrent_xc": 25.5,
    "SmokeFormer0to5_xc": 20.5,
    "SmokeFormer5Plus": 13.0,
    "percentinCanada": 67.5
  },
  {
    "percentile": 66,
    "age": 55,
    "packyears_xc": 13.0,
    "METs": 2.4,
    "DrinksLastWeek": 6,
    "FruitVeg": 3.3,
    "Potato": 0.4,
    "Juice": 1,
    "BMI": 27.9,
    "timeincanada": 100.0,
    "SmokeCurrent_xc": 26.25,
    "SmokeFormer0to5_xc": 21.25,
    "SmokeFormer5Plus": 13.75,
    "percentinCanada": 68.06
  },
  {
    "percentile": 67,
    "age": 55,
    "packyears_xc": 13.75,
    "METs": 2.5,
    "DrinksLastWeek": 6,
    "FruitVeg": 3.4,
    "Potato": 0.4,
    "Juice": 1,
    "BMI": 27.96,
    "timeincanada": 100.0,
    "SmokeCurrent_xc": 27.0,
    "SmokeFormer0to5_xc": 22.0,
    "SmokeFormer5Plus": 14.5,
    "percentinCanada": 68.57
  },
  {
    "percentile": 68,
    "age": 56,
    "packyears_xc": 14.4,
    "METs": 2.6,
    "DrinksLastWeek": 6,
    "FruitVeg": 3.4,
    "Potato": 0.4,
    "Juice": 1,
    "BMI": 28.04,
    "timeincanada": 100.0,
    "SmokeCurrent_xc": 27.5,
    "SmokeFormer0to5_xc": 23.125,
    "SmokeFormer5Plus": 15.0,
    "percentinCanada": 69.23
  },
  {
    "percentile": 69,
    "age": 57,
    "packyears_xc": 15.0,
    "METs": 2.7,
    "DrinksLastWeek": 7,
    "FruitVeg": 3.5,
    "Potato": 0.4,
    "Juice": 1,
    "BMI": 28.21,
    "timeincanada": 100.0,
    "SmokeCurrent_xc": 28.0,
    "SmokeFormer0to5_xc": 24.375,
    "SmokeFormer5Plus": 16.0,
    "percentinCanada": 69.7
  },
  {
    "percentile": 70,
    "age": 57,
    "packyears_xc": 16.2,
    "METs": 2.7,
    "DrinksLastWeek": 7,
    "FruitVeg": 3.5,
    "Potato": 0.4,
    "Juice": 1,
    "BMI": 28.38,
    "timeincanada": 100.0,
    "SmokeCurrent_xc": 28.8,
    "SmokeFormer0to5_xc": 25.0,
    "SmokeFormer5Plus": 16.8,
    "percentinCanada": 70.27
  },
  {
    "percentile": 71,
    "age": 58,
    "packyears_xc": 17.0,
    "METs": 2.8,
    "DrinksLastWeek": 7,
    "FruitVeg": 3.6,
    "Potato": 0.6,
    "Juice": 1,
    "BMI": 28.47,
    "timeincanada": 100.0,
    "SmokeCurrent_xc": 30.0,
    "SmokeFormer0to5_xc": 26.0,
    "SmokeFormer5Plus": 17.5,
    "percentinCanada": 70.83
  },
  {
    "percentile": 72,
    "age": 58,
    "packyears_xc": 18.0,
    "METs": 2.9,
    "DrinksLastWeek": 7,
    "FruitVeg": 3.7,
    "Potato": 0.6,
    "Juice": 1,
    "BMI": 28.6,
    "timeincanada": 100.0,
    "SmokeCurrent_xc": 30.0,
    "SmokeFormer0to5_xc": 26.875,
    "SmokeFormer5Plus": 18.4,
    "percentinCanada": 71.62
  },
  {
    "percentile": 73,
    "age": 59,
    "packyears_xc": 18.75,
    "METs": 3,
    "DrinksLastWeek": 7,
    "FruitVeg": 3.7,
    "Potato": 0.6,
    "Juice": 1,
    "BMI": 28.7,
    "timeincanada": 100.0,
    "SmokeCurrent_xc": 31.25,
    "SmokeFormer0to5_xc": 28.125,
    "SmokeFormer5Plus": 19.0,
    "percentinCanada": 72.37
  },
  {
    "percentile": 74,
    "age": 59,
    "packyears_xc": 19.5,
    "METs": 3,
    "DrinksLastWeek": 8,
    "FruitVeg": 3.8,
    "Potato": 0.6,
    "Juice": 1,
    "BMI": 28.84,
    "timeincanada": 100.0,
    "SmokeCurrent_xc": 32.0,
    "SmokeFormer0to5_xc": 29.375,
    "SmokeFormer5Plus": 20.0,
    "percentinCanada": 73.24
  },
  {
    "percentile": 75,
    "age": 60,
    "packyears_xc": 20.4,
    "METs": 3.1,
    "DrinksLastWeek": 8,
    "FruitVeg": 3.9,
    "Potato": 0.6,
    "Juice": 1,
    "BMI": 29.0,
    "timeincanada": 100.0,
    "SmokeCurrent_xc": 33.0,
    "SmokeFormer0to5_xc": 30.3,
    "SmokeFormer5Plus": 21.0,
    "percentinCanada": 74.07
  },
  {
    "percentile": 76,
    "age": 61,
    "packyears_xc": 21.25,
    "METs": 3.2,
    "DrinksLastWeek": 8,
    "FruitVeg": 4,
    "Potato": 0.6,
    "Juice": 1,
    "BMI": 29.18,
    "timeincanada": 100.0,
    "SmokeCurrent_xc": 33.75,
    "SmokeFormer0to5_xc": 31.25,
    "SmokeFormer5Plus": 22.0,
    "percentinCanada": 75.0
  },
  {
    "percentile": 77,
    "age": 61,
    "packyears_xc": 22.5,
    "METs": 3.3,
    "DrinksLastWeek": 9,
    "FruitVeg": 4,
    "Potato": 0.6,
    "Juice": 1,
    "BMI": 29.3,
    "timeincanada": 100.0,
    "SmokeCurrent_xc": 34.85,
    "SmokeFormer0to5_xc": 32.5,
    "SmokeFormer5Plus": 22.5,
    "percentinCanada": 76.0
  },
  {
    "percentile": 78,
    "age": 62,
    "packyears_xc": 23.625,
    "METs": 3.4,
    "DrinksLastWeek": 9,
    "FruitVeg": 4.1,
    "Potato": 0.6,
    "Juice": 1,
    "BMI": 29.48,
    "timeincanada": 100.0,
    "SmokeCurrent_xc": 35.1,
    "SmokeFormer0to5_xc": 33.5,
    "SmokeFormer5Plus": 23.75,
    "percentinCanada": 77.14
  },
  {
    "percentile": 79,
    "age": 63,
    "packyears_xc": 24.75,
    "METs": 3.5,
    "DrinksLastWeek": 10,
    "FruitVeg": 4.2,
    "Potato": 0.6,
    "Juice": 1,
    "BMI": 29.6,
    "timeincanada": 100.0,
    "SmokeCurrent_xc": 36.25,
    "SmokeFormer0to5_xc": 34.375,
    "SmokeFormer5Plus": 24.75,
    "percentinCanada": 78.43
  },
  {
    "percentile": 80,
    "age": 63,
    "packyears_xc": 25.692,
    "METs": 3.6,
    "DrinksLastWeek": 10,
    "FruitVeg": 4.3,
    "Potato": 0.6,
    "Juice": 1,
    "BMI": 29.8,
    "timeincanada": 100.0,
    "SmokeCurrent_xc": 37.05,
    "SmokeFormer0to5_xc": 35.5,
    "SmokeFormer5Plus": 25.35,
    "percentinCanada": 79.71
  },
  {
    "percentile": 81,
    "age": 64,
    "packyears_xc": 27.0,
    "METs": 3.7,
    "DrinksLastWeek": 10,
    "FruitVeg": 4.3,
    "Potato": 0.7,
    "Juice": 1,
    "BMI": 30.02,
    "timeincanada": 100.0,
    "SmokeCurrent_xc": 37.8,
    "SmokeFormer0to5_xc": 36.5,
    "SmokeFormer5Plus": 26.4,
    "percentinCanada": 80.95
  },
  {
    "percentile": 82,
    "age": 65,
    "packyears_xc": 28.0,
    "METs": 3.8,
    "DrinksLastWeek": 11,
    "FruitVeg": 4.4,
    "Potato": 0.7,
    "Juice": 1,
    "BMI": 30.18,
    "timeincanada": 100.0,
    "SmokeCurrent_xc": 38.75,
    "SmokeFormer0to5_xc": 38.125,
    "SmokeFormer5Plus": 27.6,
    "percentinCanada": 82.14
  },
  {
    "percentile": 83,
    "age": 65,
    "packyears_xc": 29.25,
    "METs": 3.9,
    "DrinksLastWeek": 12,
    "FruitVeg": 4.5,
    "Potato": 0.7,
    "Juice": 1,
    "BMI": 30.4,
    "timeincanada": 100.0,
    "SmokeCurrent_xc": 40.0,
    "SmokeFormer0to5_xc": 39.375,
    "SmokeFormer5Plus": 29.0,
    "percentinCanada": 83.05
  },
  {
    "percentile": 84,
    "age": 66,
    "packyears_xc": 30.6,
    "METs": 4,
    "DrinksLastWeek": 12,
    "FruitVeg": 4.6,
    "Potato": 0.7,
    "Juice": 2,
    "BMI": 30.56,
    "timeincanada": 100.0,
    "SmokeCurrent_xc": 41.0,
    "SmokeFormer0to5_xc": 41.063,
    "SmokeFormer5Plus": 30.0,
    "percentinCanada": 84.38
  },
  {
    "percentile": 85,
    "age": 67,
    "packyears_xc": 32.0,
    "METs": 4.2,
    "DrinksLastWeek": 13,
    "FruitVeg": 4.7,
    "Potato": 0.9,
    "Juice": 2,
    "BMI": 30.78,
    "timeincanada": 100.0,
    "SmokeCurrent_xc": 42.0,
    "SmokeFormer0to5_xc": 43.0,
    "SmokeFormer5Plus": 31.25,
    "percentinCanada": 85.51
  },
  {
    "percentile": 86,
    "age": 68,
    "packyears_xc": 33.75,
    "METs": 4.3,
    "DrinksLastWeek": 14,
    "FruitVeg": 5,
    "Potato": 1,
    "Juice": 2,
    "BMI": 31.03,
    "timeincanada": 100.0,
    "SmokeCurrent_xc": 43.167,
    "SmokeFormer0to5_xc": 44.375,
    "SmokeFormer5Plus": 32.5,
    "percentinCanada": 86.49
  },
  {
    "percentile": 87,
    "age": 69,
    "packyears_xc": 35.0,
    "METs": 4.4,
    "DrinksLastWeek": 14,
    "FruitVeg": 5,
    "Potato": 1,
    "Juice": 2,
    "BMI": 31.3,
    "timeincanada": 100.0,
    "SmokeCurrent_xc": 44.25,
    "SmokeFormer0to5_xc": 46.0,
    "SmokeFormer5Plus": 34.5,
    "percentinCanada": 87.8
  },
  {
    "percentile": 88,
    "age": 70,
    "packyears_xc": 36.25,
    "METs": 4.6,
    "DrinksLastWeek": 14,
    "FruitVeg": 5.1,
    "Potato": 1,
    "Juice": 2,
    "BMI": 31.5,
    "timeincanada": 100.0,
    "SmokeCurrent_xc": 45.75,
    "SmokeFormer0to5_xc": 47.5,
    "SmokeFormer5Plus": 36.0,
    "percentinCanada": 88.89
  },
  {
    "percentile": 89,
    "age": 70,
    "packyears_xc": 38.0,
    "METs": 4.8,
    "DrinksLastWeek": 15,
    "FruitVeg": 5.3,
    "Potato": 1,
    "Juice": 2,
    "BMI": 31.83,
    "timeincanada": 100.0,
    "SmokeCurrent_xc": 47.0,
    "SmokeFormer0to5_xc": 48.75,
    "SmokeFormer5Plus": 37.5,
    "percentinCanada": 90.0
  },
  {
    "percentile": 90,
    "age": 71,
    "packyears_xc": 40.0,
    "METs": 5,
    "DrinksLastWeek": 16,
    "FruitVeg": 5.4,
    "Potato": 1,
    "Juice": 2,
    "BMI": 32.07,
    "timeincanada": 100.0,
    "SmokeCurrent_xc": 48.75,
    "SmokeFormer0to5_xc": 50.625,
    "SmokeFormer5Plus": 39.9,
    "percentinCanada": 90.91
  },
  {
    "percentile": 91,
    "age": 72,
    "packyears_xc": 42.0,
    "METs": 5.3,
    "DrinksLastWeek": 17,
    "FruitVeg": 5.6,
    "Potato": 1,
    "Juice": 2,
    "BMI": 32.5,
    "timeincanada": 100.0,
    "SmokeCurrent_xc": 50.0,
    "SmokeFormer0to5_xc": 52.5,
    "SmokeFormer5Plus": 42.0,
    "percentinCanada": 92.0
  },
  {
    "percentile": 92,
    "age": 73,
    "packyears_xc": 44.375,
    "METs": 5.5,
    "DrinksLastWeek": 18,
    "FruitVeg": 5.8,
    "Potato": 1,
    "Juice": 2,
    "BMI": 32.84,
    "timeincanada": 100.0,
    "SmokeCurrent_xc": 52.5,
    "SmokeFormer0to5_xc": 55.0,
    "SmokeFormer5Plus": 44.8,
    "percentinCanada": 93.1
  },
  {
    "percentile": 93,
    "age": 74,
    "packyears_xc": 46.875,
    "METs": 5.8,
    "DrinksLastWeek": 20,
    "FruitVeg": 6,
    "Potato": 1,
    "Juice": 2,
    "BMI": 33.22,
    "timeincanada": 100.0,
    "SmokeCurrent_xc": 54.0,
    "SmokeFormer0to5_xc": 57.5,
    "SmokeFormer5Plus": 47.5,
    "percentinCanada": 94.12
  },
  {
    "percentile": 94,
    "age": 76,
    "packyears_xc": 50.0,
    "METs": 6.1,
    "DrinksLastWeek": 21,
    "FruitVeg": 6.3,
    "Potato": 1,
    "Juice": 3,
    "BMI": 33.83,
    "timeincanada": 100.0,
    "SmokeCurrent_xc": 57.0,
    "SmokeFormer0to5_xc": 60.688,
    "SmokeFormer5Plus": 50.0,
    "percentinCanada": 94.87
  },
  {
    "percentile": 95,
    "age": 77,
    "packyears_xc": 53.0,
    "METs": 6.5,
    "DrinksLastWeek": 23,
    "FruitVeg": 6.6,
    "Potato": 1,
    "Juice": 3,
    "BMI": 34.47,
    "timeincanada": 100.0,
    "SmokeCurrent_xc": 60.0,
    "SmokeFormer0to5_xc": 65.475,
    "SmokeFormer5Plus": 55.0,
    "percentinCanada": 96.0
  },
  {
    "percentile": 96,
    "age": 78,
    "packyears_xc": 57.5,
    "METs": 7,
    "DrinksLastWeek": 26,
    "FruitVeg": 7,
    "Potato": 1,
    "Juice": 3,
    "BMI": 35.3,
    "timeincanada": 100.0,
    "SmokeCurrent_xc": 63.75,
    "SmokeFormer0to5_xc": 71.875,
    "SmokeFormer5Plus": 60.0,
    "percentinCanada": 96.77
  },
  {
    "percentile": 97,
    "age": 80,
    "packyears_xc": 63.5,
    "METs": 7.7,
    "DrinksLastWeek": 29,
    "FruitVeg": 7.5,
    "Potato": 1,
    "Juice": 3,
    "BMI": 36.32,
    "timeincanada": 100.0,
    "SmokeCurrent_xc": 69.75,
    "SmokeFormer0to5_xc": 79.5,
    "SmokeFormer5Plus": 68.75,
    "percentinCanada": 97.87
  },
  {
    "percentile": 98,
    "age": 82,
    "packyears_xc": 73.5,
    "METs": 8.8,
    "DrinksLastWeek": 34,
    "FruitVeg": 8.3,
    "Potato": 1,
    "Juice": 4,
    "BMI": 37.72,
    "timeincanada": 100.0,
    "SmokeCurrent_xc": 77.4,
    "SmokeFormer0to5_xc": 95.625,
    "SmokeFormer5Plus": 80.0,
    "percentinCanada": 100.0
  },
  {
    "percentile": 99,
    "age": 85,
    "packyears_xc": 93.5,
    "METs": 10.6,
    "DrinksLastWeek": 42,
    "FruitVeg": 10,
    "Potato": 2,
    "Juice": 5,
    "BMI": 40.36,
    "timeincanada": 100.0,
    "SmokeCurrent_xc": 94.0,
    "SmokeFormer0to5_xc": 107.5,
    "SmokeFormer5Plus": 103.75,
    "percentinCanada": 100.0
  },
  {
    "percentile": 100,
    "age": 102,
    "packyears_xc": 107.698,
    "METs": 12.51,
    "DrinksLastWeek": 53,
    "FruitVeg": 12,
    "Potato": 2,
    "Juice": 6,
    "BMI": 44.06,
    "timeincanada": 100.0,
    "SmokeCurrent_xc": 107.698,
    "SmokeFormer0to5_xc": 107.698,
    "SmokeFormer5Plus": 107.698,
    "percentinCanada": 100.0
  }
]
